"group","dollars","polars_related","receivers_known","offered","offered_percent"
"altdoc/reference_home.Rmd",41,40,40,40,97.6
"DEVELOPMENT.md",22,13,12,11,50
"man/as_polars_expr.Rd",1,1,1,1,100
"man/cs__all.Rd",8,8,8,8,100
"man/cs__alpha.Rd",11,11,11,11,100
"man/cs__alphanumeric.Rd",9,9,9,9,100
"man/cs__array.Rd",18,18,18,18,100
"man/cs__binary.Rd",7,7,7,7,100
"man/cs__boolean.Rd",6,6,6,6,100
"man/cs__by_dtype.Rd",15,15,15,15,100
"man/cs__by_index.Rd",9,9,9,9,100
"man/cs__by_name.Rd",7,7,7,7,100
"man/cs__categorical.Rd",6,6,6,6,100
"man/cs__contains.Rd",7,7,7,7,100
"man/cs__date.Rd",5,5,5,5,100
"man/cs__datetime.Rd",13,13,13,13,100
"man/cs__decimal.Rd",7,7,7,7,100
"man/cs__digit.Rd",10,10,10,10,100
"man/cs__duration.Rd",9,9,9,9,100
"man/cs__empty.Rd",3,3,3,3,100
"man/cs__ends_with.Rd",7,7,7,7,100
"man/cs__enum.Rd",10,10,10,10,100
"man/cs__exclude.Rd",7,7,7,7,100
"man/cs__first.Rd",5,5,5,5,100
"man/cs__float.Rd",7,7,7,7,100
"man/cs__integer.Rd",5,5,5,5,100
"man/cs__last.Rd",5,5,5,5,100
"man/cs__list.Rd",8,8,8,8,100
"man/cs__matches.Rd",5,5,5,5,100
"man/cs__nested.Rd",5,5,5,5,100
"man/cs__numeric.Rd",8,8,8,8,100
"man/cs__signed_integer.Rd",9,9,9,9,100
"man/cs__starts_with.Rd",7,7,7,7,100
"man/cs__string.Rd",19,19,19,19,100
"man/cs__struct.Rd",10,10,10,10,100
"man/cs__temporal.Rd",8,8,8,8,100
"man/cs__time.Rd",5,5,5,5,100
"man/cs__unsigned_integer.Rd",9,9,9,9,100
"man/cs.Rd",6,6,6,6,100
"man/dataframe__bottom_k.Rd",3,3,3,3,100
"man/dataframe__cast.Rd",6,6,6,6,100
"man/dataframe__clear.Rd",3,3,3,3,100
"man/dataframe__clone.Rd",2,1,1,1,50
"man/dataframe__count.Rd",2,2,2,2,100
"man/dataframe__describe.Rd",3,3,3,3,100
"man/dataframe__drop_nans.Rd",8,8,8,8,100
"man/dataframe__drop_nulls.Rd",4,4,4,4,100
"man/dataframe__drop.Rd",5,5,5,5,100
"man/dataframe__equals.Rd",2,2,2,2,100
"man/dataframe__explode.Rd",2,2,2,2,100
"man/dataframe__fill_nan.Rd",2,2,2,2,100
"man/dataframe__fill_null.Rd",5,5,5,5,100
"man/dataframe__filter.Rd",7,7,7,7,100
"man/dataframe__gather_every.Rd",3,3,3,3,100
"man/dataframe__get_column_index.Rd",3,3,3,3,100
"man/dataframe__get_column.Rd",3,3,3,3,100
"man/dataframe__get_columns.Rd",4,4,4,4,100
"man/dataframe__glimpse.Rd",3,3,3,3,100
"man/dataframe__group_by_dynamic.Rd",26,26,26,26,100
"man/dataframe__group_by.Rd",21,21,21,21,100
"man/dataframe__hash_rows.Rd",2,2,2,2,100
"man/dataframe__head.Rd",3,3,3,3,100
"man/dataframe__is_duplicated.Rd",4,4,4,4,100
"man/dataframe__is_empty.Rd",5,5,5,5,100
"man/dataframe__is_unique.Rd",4,4,4,4,100
"man/dataframe__join_asof.Rd",13,13,13,13,100
"man/dataframe__join_where.Rd",7,7,7,7,100
"man/dataframe__join.Rd",7,7,7,7,100
"man/dataframe__lazy.Rd",2,2,2,2,100
"man/dataframe__map_columns.Rd",15,9,9,9,60
"man/dataframe__max_horizontal.Rd",2,2,2,2,100
"man/dataframe__max.Rd",2,2,2,2,100
"man/dataframe__mean_horizontal.Rd",2,2,2,2,100
"man/dataframe__mean.Rd",2,2,2,2,100
"man/dataframe__median.Rd",2,2,2,2,100
"man/dataframe__merge_sorted.Rd",5,5,5,5,100
"man/dataframe__min_horizontal.Rd",2,2,2,2,100
"man/dataframe__min.Rd",2,2,2,2,100
"man/dataframe__n_chunks.Rd",3,3,3,3,100
"man/dataframe__partition_by.Rd",3,3,3,3,100
"man/dataframe__pivot.Rd",11,11,11,11,100
"man/dataframe__quantile.Rd",2,2,2,2,100
"man/dataframe__remove.Rd",11,11,11,11,100
"man/dataframe__rename.Rd",2,2,2,2,100
"man/dataframe__reverse.Rd",2,2,2,2,100
"man/dataframe__rolling.Rd",14,14,14,14,100
"man/dataframe__sample.Rd",2,2,2,2,100
"man/dataframe__select_seq.Rd",3,3,3,3,100
"man/dataframe__select.Rd",4,4,4,4,100
"man/dataframe__serialize.Rd",5,5,5,5,100
"man/dataframe__set_sorted.Rd",3,3,3,3,100
"man/dataframe__shift.Rd",4,4,4,4,100
"man/dataframe__slice.Rd",1,1,1,1,100
"man/dataframe__sort.Rd",7,7,7,7,100
"man/dataframe__std.Rd",3,3,3,3,100
"man/dataframe__sum_horizontal.Rd",2,2,2,2,100
"man/dataframe__sum.Rd",2,2,2,2,100
"man/dataframe__tail.Rd",3,3,3,3,100
"man/dataframe__to_dummies.Rd",9,9,9,9,100
"man/dataframe__to_series.Rd",2,2,2,2,100
"man/dataframe__to_struct.Rd",2,2,2,2,100
"man/dataframe__top_k.Rd",3,3,3,3,100
"man/dataframe__transpose.Rd",8,8,8,8,100
"man/dataframe__unique.Rd",4,4,4,4,100
"man/dataframe__unnest.Rd",7,7,7,7,100
"man/dataframe__unpivot.Rd",2,2,2,2,100
"man/dataframe__unstack.Rd",11,11,11,11,100
"man/dataframe__var.Rd",3,3,3,3,100
"man/dataframe__with_columns_seq.Rd",21,21,21,21,100
"man/dataframe__with_columns.Rd",21,21,21,21,100
"man/dataframe__with_row_index.Rd",7,7,7,7,100
"man/dataframe__write_csv.Rd",4,4,4,4,100
"man/dataframe__write_ipc_stream.Rd",1,1,1,1,100
"man/dataframe__write_ipc.Rd",2,2,2,2,100
"man/dataframe__write_json.Rd",3,3,3,3,100
"man/dataframe__write_ndjson.Rd",3,3,3,3,100
"man/dataframe__write_parquet.Rd",2,2,2,2,100
"man/datatype_expr__default_value.Rd",20,20,20,20,100
"man/datatype_expr__display.Rd",9,9,9,9,100
"man/datatype_expr__inner_dtype.Rd",11,11,11,11,100
"man/datatype_expr__matches.Rd",8,8,8,8,100
"man/datatype_expr__wrap_in_array.Rd",11,11,11,11,100
"man/datatype_expr__wrap_in_list.Rd",11,11,11,11,100
"man/expr__abs.Rd",4,4,4,4,100
"man/expr__add.Rd",16,16,16,16,100
"man/expr__alias.Rd",12,12,12,12,100
"man/expr__all.Rd",7,7,7,7,100
"man/expr__and.Rd",14,14,14,14,100
"man/expr__any.Rd",7,7,7,7,100
"man/expr__append.Rd",7,7,7,7,100
"man/expr__approx_n_unique.Rd",10,10,10,10,100
"man/expr__arccos.Rd",4,4,4,4,100
"man/expr__arccosh.Rd",4,4,4,4,100
"man/expr__arcsin.Rd",4,4,4,4,100
"man/expr__arcsinh.Rd",4,4,4,4,100
"man/expr__arctan.Rd",4,4,4,4,100
"man/expr__arctanh.Rd",4,4,4,4,100
"man/expr__arg_max.Rd",4,4,4,4,100
"man/expr__arg_min.Rd",4,4,4,4,100
"man/expr__arg_sort.Rd",4,4,4,4,100
"man/expr__arg_true.Rd",4,4,4,4,100
"man/expr__arg_unique.Rd",7,7,7,7,100
"man/expr__backward_fill.Rd",7,7,7,7,100
"man/expr__bin_intervals.Rd",10,10,10,10,100
"man/expr__bin_quantiles.Rd",7,7,7,7,100
"man/expr__bin_ranks.Rd",7,7,7,7,100
"man/expr__bitwise_and.Rd",9,9,9,9,100
"man/expr__bitwise_count_ones.Rd",4,4,4,4,100
"man/expr__bitwise_count_zeros.Rd",4,4,4,4,100
"man/expr__bitwise_leading_ones.Rd",4,4,4,4,100
"man/expr__bitwise_leading_zeros.Rd",4,4,4,4,100
"man/expr__bitwise_or.Rd",9,9,9,9,100
"man/expr__bitwise_trailing_ones.Rd",4,4,4,4,100
"man/expr__bitwise_trailing_zeros.Rd",4,4,4,4,100
"man/expr__bitwise_xor.Rd",9,9,9,9,100
"man/expr__bottom_k_by.Rd",26,26,26,26,100
"man/expr__bottom_k.Rd",6,6,6,6,100
"man/expr__cast.Rd",18,18,18,18,100
"man/expr__cbrt.Rd",4,4,4,4,100
"man/expr__ceil.Rd",4,4,4,4,100
"man/expr__clip.Rd",7,7,7,7,100
"man/expr__cos.Rd",4,4,4,4,100
"man/expr__cosh.Rd",4,4,4,4,100
"man/expr__cot.Rd",4,4,4,4,100
"man/expr__count.Rd",4,4,4,4,100
"man/expr__cum_count.Rd",6,6,6,6,100
"man/expr__cum_max.Rd",6,6,6,6,100
"man/expr__cum_min.Rd",6,6,6,6,100
"man/expr__cum_prod.Rd",6,6,6,6,100
"man/expr__cum_sum.Rd",6,6,6,6,100
"man/expr__cumulative_eval.Rd",8,8,8,8,100
"man/expr__cut.Rd",8,8,8,8,100
"man/expr__degrees.Rd",4,4,4,4,100
"man/expr__diff.Rd",6,6,6,6,100
"man/expr__dot.Rd",5,5,5,5,100
"man/expr__drop_nans.Rd",4,4,4,4,100
"man/expr__drop_nulls.Rd",4,4,4,4,100
"man/expr__entropy.Rd",7,7,7,7,100
"man/expr__eq_missing.Rd",6,6,6,6,100
"man/expr__eq.Rd",8,8,8,8,100
"man/expr__ewm_mean_by.Rd",4,4,4,4,100
"man/expr__ewm_mean.Rd",4,4,4,4,100
"man/expr__ewm_std.Rd",4,4,4,4,100
"man/expr__ewm_var.Rd",4,4,4,4,100
"man/expr__exclude.Rd",12,12,12,12,100
"man/expr__exp.Rd",4,4,4,4,100
"man/expr__explode.Rd",4,4,4,4,100
"man/expr__extend_constant.Rd",4,4,4,4,100
"man/expr__fill_nan.Rd",4,4,4,4,100
"man/expr__fill_null.Rd",12,12,12,12,100
"man/expr__filter.Rd",9,9,9,9,100
"man/expr__first.Rd",4,4,4,4,100
"man/expr__floor_div.Rd",6,6,6,6,100
"man/expr__floor.Rd",4,4,4,4,100
"man/expr__forward_fill.Rd",7,7,7,7,100
"man/expr__gather_every.Rd",7,7,7,7,100
"man/expr__gather.Rd",5,5,5,5,100
"man/expr__ge.Rd",7,7,7,7,100
"man/expr__get.Rd",5,5,5,5,100
"man/expr__gt.Rd",7,7,7,7,100
"man/expr__has_nulls.Rd",4,4,4,4,100
"man/expr__hash.Rd",4,4,4,4,100
"man/expr__head.Rd",4,4,4,4,100
"man/expr__hist.Rd",7,7,7,7,100
"man/expr__implode.Rd",4,4,4,4,100
"man/expr__index_of.Rd",8,8,8,8,100
"man/expr__interpolate_by.Rd",4,4,4,4,100
"man/expr__interpolate.Rd",6,6,6,6,100
"man/expr__is_between.Rd",19,19,19,19,100
"man/expr__is_close.Rd",4,4,4,4,100
"man/expr__is_duplicated.Rd",4,4,4,4,100
"man/expr__is_finite.Rd",6,6,6,6,100
"man/expr__is_first_distinct.Rd",4,4,4,4,100
"man/expr__is_in.Rd",4,4,4,4,100
"man/expr__is_infinite.Rd",6,6,6,6,100
"man/expr__is_last_distinct.Rd",4,4,4,4,100
"man/expr__is_nan.Rd",6,6,6,6,100
"man/expr__is_not_nan.Rd",6,6,6,6,100
"man/expr__is_not_null.Rd",6,6,6,6,100
"man/expr__is_null.Rd",6,6,6,6,100
"man/expr__is_unique.Rd",4,4,4,4,100
"man/expr__item.Rd",10,10,10,10,100
"man/expr__kurtosis.Rd",4,4,4,4,100
"man/expr__last.Rd",4,4,4,4,100
"man/expr__le.Rd",7,7,7,7,100
"man/expr__len.Rd",4,4,4,4,100
"man/expr__limit.Rd",4,4,4,4,100
"man/expr__log.Rd",6,6,6,6,100
"man/expr__log10.Rd",4,4,4,4,100
"man/expr__log1p.Rd",4,4,4,4,100
"man/expr__lower_bound.Rd",4,4,4,4,100
"man/expr__lt.Rd",7,7,7,7,100
"man/expr__map_batches.Rd",13,8,8,8,61.5
"man/expr__max_by.Rd",4,4,4,4,100
"man/expr__max.Rd",4,4,4,4,100
"man/expr__mean.Rd",4,4,4,4,100
"man/expr__median.Rd",4,4,4,4,100
"man/expr__min_by.Rd",4,4,4,4,100
"man/expr__min.Rd",4,4,4,4,100
"man/expr__mod.Rd",4,4,4,4,100
"man/expr__mode.Rd",7,7,7,7,100
"man/expr__mul.Rd",8,8,8,8,100
"man/expr__n_unique.Rd",6,6,6,6,100
"man/expr__nan_max.Rd",4,4,4,4,100
"man/expr__nan_min.Rd",4,4,4,4,100
"man/expr__ne_missing.Rd",6,6,6,6,100
"man/expr__ne.Rd",8,8,8,8,100
"man/expr__not.Rd",6,6,6,6,100
"man/expr__null_count.Rd",4,4,4,4,100
"man/expr__or.Rd",12,12,12,12,100
"man/expr__over.Rd",44,44,44,44,100
"man/expr__pct_change.Rd",4,4,4,4,100
"man/expr__peak_max.Rd",4,4,4,4,100
"man/expr__peak_min.Rd",4,4,4,4,100
"man/expr__pow.Rd",8,8,8,8,100
"man/expr__product.Rd",4,4,4,4,100
"man/expr__qcut.Rd",11,11,11,11,100
"man/expr__quantile.Rd",19,19,19,19,100
"man/expr__radians.Rd",4,4,4,4,100
"man/expr__rank.Rd",12,12,12,12,100
"man/expr__reinterpret.Rd",7,7,7,7,100
"man/expr__repeat_by.Rd",4,4,4,4,100
"man/expr__replace_strict.Rd",26,26,26,26,100
"man/expr__replace.Rd",22,22,22,22,100
"man/expr__reshape.Rd",19,19,19,19,100
"man/expr__reverse.Rd",6,6,6,6,100
"man/expr__rle_id.Rd",6,6,6,6,100
"man/expr__rle.Rd",5,5,5,5,100
"man/expr__rolling_kurtosis.Rd",7,7,7,7,100
"man/expr__rolling_max_by.Rd",8,8,8,8,100
"man/expr__rolling_max.Rd",10,10,10,10,100
"man/expr__rolling_mean_by.Rd",8,8,8,8,100
"man/expr__rolling_mean.Rd",10,10,10,10,100
"man/expr__rolling_median_by.Rd",8,8,8,8,100
"man/expr__rolling_median.Rd",10,10,10,10,100
"man/expr__rolling_min_by.Rd",8,8,8,8,100
"man/expr__rolling_min.Rd",10,10,10,10,100
"man/expr__rolling_quantile_by.Rd",8,8,8,8,100
"man/expr__rolling_quantile.Rd",13,13,13,13,100
"man/expr__rolling_rank_by.Rd",8,8,8,8,100
"man/expr__rolling_rank.Rd",4,4,4,4,100
"man/expr__rolling_skew.Rd",4,4,4,4,100
"man/expr__rolling_std_by.Rd",8,8,8,8,100
"man/expr__rolling_std.Rd",10,10,10,10,100
"man/expr__rolling_sum_by.Rd",8,8,8,8,100
"man/expr__rolling_sum.Rd",10,10,10,10,100
"man/expr__rolling_var_by.Rd",8,8,8,8,100
"man/expr__rolling_var.Rd",10,10,10,10,100
"man/expr__rolling.Rd",11,11,11,11,100
"man/expr__round_sig_figs.Rd",4,4,4,4,100
"man/expr__round.Rd",16,16,16,16,100
"man/expr__sample.Rd",4,4,4,4,100
"man/expr__search_sorted.Rd",8,8,8,8,100
"man/expr__set_sorted.Rd",5,5,5,5,100
"man/expr__shift.Rd",10,10,10,10,100
"man/expr__shuffle.Rd",4,4,4,4,100
"man/expr__sign.Rd",4,4,4,4,100
"man/expr__sin.Rd",4,4,4,4,100
"man/expr__sinh.Rd",4,4,4,4,100
"man/expr__skew.Rd",4,4,4,4,100
"man/expr__slice.Rd",12,12,12,12,100
"man/expr__sort_by.Rd",17,17,17,17,100
"man/expr__sort.Rd",13,13,13,13,100
"man/expr__sqrt.Rd",4,4,4,4,100
"man/expr__std.Rd",4,4,4,4,100
"man/expr__sub.Rd",8,8,8,8,100
"man/expr__sum.Rd",4,4,4,4,100
"man/expr__tail.Rd",4,4,4,4,100
"man/expr__tan.Rd",4,4,4,4,100
"man/expr__tanh.Rd",4,4,4,4,100
"man/expr__to_physical.Rd",4,4,4,4,100
"man/expr__top_k_by.Rd",26,26,26,26,100
"man/expr__top_k.Rd",6,6,6,6,100
"man/expr__true_div.Rd",7,7,7,7,100
"man/expr__truncate.Rd",12,12,12,12,100
"man/expr__unique_counts.Rd",4,4,4,4,100
"man/expr__unique.Rd",4,4,4,4,100
"man/expr__upper_bound.Rd",4,4,4,4,100
"man/expr__value_counts.Rd",8,8,8,8,100
"man/expr__var.Rd",4,4,4,4,100
"man/expr__xor.Rd",3,3,3,3,100
"man/expr_arr_agg.Rd",16,16,16,16,100
"man/expr_arr_all.Rd",8,8,8,8,100
"man/expr_arr_any.Rd",8,8,8,8,100
"man/expr_arr_arg_max.Rd",8,8,8,8,100
"man/expr_arr_arg_min.Rd",8,8,8,8,100
"man/expr_arr_contains.Rd",17,17,17,17,100
"man/expr_arr_count_matches.Rd",8,8,8,8,100
"man/expr_arr_dot.Rd",8,8,8,8,100
"man/expr_arr_eval.Rd",16,16,16,16,100
"man/expr_arr_explode.Rd",8,8,8,8,100
"man/expr_arr_first.Rd",8,8,8,8,100
"man/expr_arr_get.Rd",17,17,17,17,100
"man/expr_arr_join.Rd",15,15,15,15,100
"man/expr_arr_last.Rd",8,8,8,8,100
"man/expr_arr_len.Rd",8,8,8,8,100
"man/expr_arr_max.Rd",8,8,8,8,100
"man/expr_arr_median.Rd",8,8,8,8,100
"man/expr_arr_min.Rd",8,8,8,8,100
"man/expr_arr_n_unique.Rd",8,8,8,8,100
"man/expr_arr_reverse.Rd",8,8,8,8,100
"man/expr_arr_shift.Rd",12,12,12,12,100
"man/expr_arr_sort.Rd",8,8,8,8,100
"man/expr_arr_std.Rd",8,8,8,8,100
"man/expr_arr_sum.Rd",8,8,8,8,100
"man/expr_arr_to_list.Rd",8,8,8,8,100
"man/expr_arr_to_struct.Rd",12,12,12,12,100
"man/expr_arr_unique.Rd",8,8,8,8,100
"man/expr_arr_var.Rd",8,8,8,8,100
"man/expr_bin_contains.Rd",13,13,13,13,100
"man/expr_bin_decode.Rd",19,19,19,19,100
"man/expr_bin_encode.Rd",9,9,9,9,100
"man/expr_bin_ends_with.Rd",13,13,13,13,100
"man/expr_bin_get.Rd",7,7,7,7,100
"man/expr_bin_reinterpret.Rd",6,6,6,6,100
"man/expr_bin_size.Rd",10,10,10,10,100
"man/expr_bin_starts_with.Rd",13,13,13,13,100
"man/expr_cat_physical.Rd",7,7,7,7,100
"man/expr_cat_to.Rd",15,15,15,15,100
"man/expr_dt_add_business_days.Rd",18,18,18,18,100
"man/expr_dt_base_utc_offset.Rd",5,5,5,5,100
"man/expr_dt_cast_time_unit.Rd",9,9,9,9,100
"man/expr_dt_century.Rd",5,5,5,5,100
"man/expr_dt_combine.Rd",13,13,13,13,100
"man/expr_dt_convert_time_zone.Rd",6,6,6,6,100
"man/expr_dt_date.Rd",5,5,5,5,100
"man/expr_dt_day.Rd",7,7,7,7,100
"man/expr_dt_days_in_month.Rd",5,5,5,5,100
"man/expr_dt_dst_offset.Rd",5,5,5,5,100
"man/expr_dt_epoch.Rd",9,9,9,9,100
"man/expr_dt_hour.Rd",7,7,7,7,100
"man/expr_dt_is_leap_year.Rd",5,5,5,5,100
"man/expr_dt_iso_year.Rd",8,8,8,8,100
"man/expr_dt_microsecond.Rd",5,5,5,5,100
"man/expr_dt_millennium.Rd",5,5,5,5,100
"man/expr_dt_millisecond.Rd",5,5,5,5,100
"man/expr_dt_minute.Rd",6,6,6,6,100
"man/expr_dt_month_end.Rd",5,5,5,5,100
"man/expr_dt_month_start.Rd",5,5,5,5,100
"man/expr_dt_month.Rd",5,5,5,5,100
"man/expr_dt_nanosecond.Rd",5,5,5,5,100
"man/expr_dt_offset_by.Rd",17,17,17,17,100
"man/expr_dt_ordinal_day.Rd",6,6,6,6,100
"man/expr_dt_quarter.Rd",6,6,6,6,100
"man/expr_dt_replace_time_zone.Rd",14,14,14,14,100
"man/expr_dt_replace.Rd",5,5,5,5,100
"man/expr_dt_round.Rd",12,12,12,12,100
"man/expr_dt_second.Rd",8,8,8,8,100
"man/expr_dt_strftime.Rd",5,5,5,5,100
"man/expr_dt_time.Rd",6,6,6,6,100
"man/expr_dt_timestamp.Rd",12,12,12,12,100
"man/expr_dt_to_string.Rd",33,33,33,33,100
"man/expr_dt_total_days.Rd",7,7,7,7,100
"man/expr_dt_total_hours.Rd",7,7,7,7,100
"man/expr_dt_total_microseconds.Rd",7,7,7,7,100
"man/expr_dt_total_milliseconds.Rd",7,7,7,7,100
"man/expr_dt_total_minutes.Rd",7,7,7,7,100
"man/expr_dt_total_nanoseconds.Rd",7,7,7,7,100
"man/expr_dt_total_seconds.Rd",7,7,7,7,100
"man/expr_dt_truncate.Rd",12,12,12,12,100
"man/expr_dt_week.Rd",6,6,6,6,100
"man/expr_dt_weekday.Rd",6,6,6,6,100
"man/expr_dt_year.Rd",8,8,8,8,100
"man/expr_list_agg.Rd",13,13,13,13,100
"man/expr_list_all.Rd",5,5,5,5,100
"man/expr_list_any.Rd",5,5,5,5,100
"man/expr_list_arg_max.Rd",5,5,5,5,100
"man/expr_list_arg_min.Rd",5,5,5,5,100
"man/expr_list_concat.Rd",14,14,14,14,100
"man/expr_list_contains.Rd",9,9,9,9,100
"man/expr_list_count_matches.Rd",5,5,5,5,100
"man/expr_list_diff.Rd",9,9,9,9,100
"man/expr_list_drop_nulls.Rd",5,5,5,5,100
"man/expr_list_eval.Rd",26,26,26,26,100
"man/expr_list_explode.Rd",5,5,5,5,100
"man/expr_list_first.Rd",5,5,5,5,100
"man/expr_list_gather_every.Rd",7,7,7,7,100
"man/expr_list_gather.Rd",21,21,21,21,100
"man/expr_list_get.Rd",14,14,14,14,100
"man/expr_list_head.Rd",8,8,8,8,100
"man/expr_list_join.Rd",12,12,12,12,100
"man/expr_list_last.Rd",5,5,5,5,100
"man/expr_list_len.Rd",5,5,5,5,100
"man/expr_list_max.Rd",5,5,5,5,100
"man/expr_list_mean.Rd",5,5,5,5,100
"man/expr_list_median.Rd",5,5,5,5,100
"man/expr_list_min.Rd",5,5,5,5,100
"man/expr_list_n_unique.Rd",5,5,5,5,100
"man/expr_list_reverse.Rd",5,5,5,5,100
"man/expr_list_sample.Rd",6,6,6,6,100
"man/expr_list_set_difference.Rd",5,5,5,5,100
"man/expr_list_set_intersection.Rd",5,5,5,5,100
"man/expr_list_set_symmetric_difference.Rd",5,5,5,5,100
"man/expr_list_set_union.Rd",5,5,5,5,100
"man/expr_list_shift.Rd",12,12,12,12,100
"man/expr_list_slice.Rd",8,8,8,8,100
"man/expr_list_sort.Rd",5,5,5,5,100
"man/expr_list_std.Rd",5,5,5,5,100
"man/expr_list_sum.Rd",5,5,5,5,100
"man/expr_list_tail.Rd",8,8,8,8,100
"man/expr_list_to_array.Rd",5,5,5,5,100
"man/expr_list_to_struct.Rd",11,11,11,11,100
"man/expr_list_unique.Rd",5,5,5,5,100
"man/expr_list_var.Rd",5,5,5,5,100
"man/expr_meta_eq.Rd",9,9,9,9,100
"man/expr_meta_has_multiple_outputs.Rd",5,5,5,5,100
"man/expr_meta_is_column_selection.Rd",16,16,16,16,100
"man/expr_meta_is_column.Rd",10,10,10,10,100
"man/expr_meta_is_literal.Rd",9,9,9,9,100
"man/expr_meta_is_regex_projection.Rd",5,5,5,5,100
"man/expr_meta_ne.Rd",9,9,9,9,100
"man/expr_meta_output_name.Rd",24,24,24,24,100
"man/expr_meta_pop.Rd",10,10,10,10,100
"man/expr_meta_root_names.Rd",19,19,19,19,100
"man/expr_meta_serialize.Rd",8,8,8,8,100
"man/expr_meta_tree_format.Rd",9,9,9,9,100
"man/expr_meta_undo_aliases.Rd",16,16,16,16,100
"man/expr_name_keep.Rd",6,6,6,6,100
"man/expr_name_prefix_fields.Rd",10,10,10,10,100
"man/expr_name_prefix.Rd",8,8,8,8,100
"man/expr_name_replace.Rd",10,10,10,10,100
"man/expr_name_suffix_fields.Rd",10,10,10,10,100
"man/expr_name_suffix.Rd",8,8,8,8,100
"man/expr_name_to_lowercase.Rd",5,5,5,5,100
"man/expr_name_to_uppercase.Rd",5,5,5,5,100
"man/expr_str_contains_any.Rd",5,5,5,5,100
"man/expr_str_contains.Rd",16,16,16,16,100
"man/expr_str_count_matches.Rd",8,8,8,8,100
"man/expr_str_decode.Rd",27,27,27,27,100
"man/expr_str_encode.Rd",27,27,27,27,100
"man/expr_str_ends_with.Rd",7,7,7,7,100
"man/expr_str_escape_regex.Rd",5,5,5,5,100
"man/expr_str_extract_all.Rd",6,6,6,6,100
"man/expr_str_extract_groups.Rd",11,11,11,11,100
"man/expr_str_extract_many.Rd",13,13,13,13,100
"man/expr_str_extract.Rd",19,19,19,19,100
"man/expr_str_find_many.Rd",13,13,13,13,100
"man/expr_str_find.Rd",8,8,8,8,100
"man/expr_str_head.Rd",8,8,8,8,100
"man/expr_str_join.Rd",9,9,9,9,100
"man/expr_str_json_decode.Rd",9,9,9,9,100
"man/expr_str_json_path_match.Rd",5,5,5,5,100
"man/expr_str_len_bytes.Rd",11,11,11,11,100
"man/expr_str_len_chars.Rd",11,11,11,11,100
"man/expr_str_normalize.Rd",12,12,12,12,100
"man/expr_str_pad_end.Rd",5,5,5,5,100
"man/expr_str_pad_start.Rd",5,5,5,5,100
"man/expr_str_replace_all.Rd",18,18,18,18,100
"man/expr_str_replace_many.Rd",9,9,9,9,100
"man/expr_str_replace.Rd",18,18,18,18,100
"man/expr_str_reverse.Rd",5,5,5,5,100
"man/expr_str_slice.Rd",6,6,6,6,100
"man/expr_str_split_exact.Rd",8,8,8,8,100
"man/expr_str_split.Rd",33,33,33,33,100
"man/expr_str_splitn.Rd",11,11,11,11,100
"man/expr_str_starts_with.Rd",7,7,7,7,100
"man/expr_str_strip_chars_end.Rd",9,9,9,9,100
"man/expr_str_strip_chars_start.Rd",5,5,5,5,100
"man/expr_str_strip_chars.Rd",9,9,9,9,100
"man/expr_str_strip_prefix.Rd",5,5,5,5,100
"man/expr_str_strip_suffix.Rd",5,5,5,5,100
"man/expr_str_strptime.Rd",31,31,31,31,100
"man/expr_str_tail.Rd",8,8,8,8,100
"man/expr_str_to_date.Rd",14,14,14,14,100
"man/expr_str_to_datetime.Rd",9,9,9,9,100
"man/expr_str_to_decimal.Rd",5,5,5,5,100
"man/expr_str_to_integer.Rd",11,11,11,11,100
"man/expr_str_to_lowercase.Rd",5,5,5,5,100
"man/expr_str_to_time.Rd",5,5,5,5,100
"man/expr_str_to_titlecase.Rd",5,5,5,5,100
"man/expr_str_to_uppercase.Rd",5,5,5,5,100
"man/expr_str_zfill.Rd",7,7,7,7,100
"man/expr_struct_drop.Rd",11,11,11,11,100
"man/expr_struct_field.Rd",26,26,26,26,100
"man/expr_struct_json_encode.Rd",7,7,7,7,100
"man/expr_struct_rename_fields.Rd",15,15,15,15,100
"man/expr_struct_unnest.Rd",7,7,7,7,100
"man/expr_struct_with_fields.Rd",15,15,15,15,100
"man/format.polars_dtype.Rd",2,2,2,2,100
"man/groupby__agg.Rd",19,19,19,19,100
"man/groupby__having.Rd",5,5,5,5,100
"man/groupby__head.Rd",4,4,4,4,100
"man/groupby__len.Rd",5,5,5,5,100
"man/groupby__max.Rd",3,3,3,3,100
"man/groupby__mean.Rd",3,3,3,3,100
"man/groupby__median.Rd",3,3,3,3,100
"man/groupby__min.Rd",3,3,3,3,100
"man/groupby__n_unique.Rd",3,3,3,3,100
"man/groupby__quantile.Rd",3,3,3,3,100
"man/groupby__sum.Rd",3,3,3,3,100
"man/groupby__tail.Rd",4,4,4,4,100
"man/infer_polars_dtype.Rd",3,3,3,3,100
"man/lazyframe__bottom_k.Rd",5,5,5,5,100
"man/lazyframe__cast.Rd",8,8,8,8,100
"man/lazyframe__clear.Rd",5,5,5,5,100
"man/lazyframe__clone.Rd",1,0,0,0,0
"man/lazyframe__collect_schema.Rd",11,11,11,11,100
"man/lazyframe__collect.Rd",11,11,11,11,100
"man/lazyframe__count.Rd",3,3,3,3,100
"man/lazyframe__describe.Rd",4,4,4,4,100
"man/lazyframe__drop_nans.Rd",11,11,11,11,100
"man/lazyframe__drop_nulls.Rd",6,6,6,6,100
"man/lazyframe__drop.Rd",8,8,8,8,100
"man/lazyframe__explain.Rd",8,8,8,8,100
"man/lazyframe__explode.Rd",3,3,3,3,100
"man/lazyframe__fill_nan.Rd",3,3,3,3,100
"man/lazyframe__fill_null.Rd",9,9,9,9,100
"man/lazyframe__filter.Rd",25,25,25,25,100
"man/lazyframe__first.Rd",3,3,3,3,100
"man/lazyframe__gather_every.Rd",5,5,5,5,100
"man/lazyframe__group_by_dynamic.Rd",36,36,36,36,100
"man/lazyframe__group_by.Rd",22,22,22,22,100
"man/lazyframe__head.Rd",5,5,5,5,100
"man/lazyframe__interpolate.Rd",3,3,3,3,100
"man/lazyframe__join_asof.Rd",20,20,20,20,100
"man/lazyframe__join_where.Rd",14,14,14,14,100
"man/lazyframe__join.Rd",12,12,12,12,100
"man/lazyframe__last.Rd",3,3,3,3,100
"man/lazyframe__max.Rd",3,3,3,3,100
"man/lazyframe__mean.Rd",3,3,3,3,100
"man/lazyframe__median.Rd",3,3,3,3,100
"man/lazyframe__merge_sorted.Rd",6,6,6,6,100
"man/lazyframe__min.Rd",3,3,3,3,100
"man/lazyframe__null_count.Rd",3,3,3,3,100
"man/lazyframe__pivot.Rd",19,19,19,19,100
"man/lazyframe__quantile.Rd",3,3,3,3,100
"man/lazyframe__remove.Rd",15,15,15,15,100
"man/lazyframe__rename.Rd",3,3,3,3,100
"man/lazyframe__reverse.Rd",3,3,3,3,100
"man/lazyframe__rolling.Rd",15,15,15,15,100
"man/lazyframe__select_seq.Rd",4,4,4,4,100
"man/lazyframe__select.Rd",15,15,15,15,100
"man/lazyframe__serialize.Rd",5,5,5,5,100
"man/lazyframe__shift.Rd",7,7,7,7,100
"man/lazyframe__sink_batches.Rd",8,7,7,7,87.5
"man/lazyframe__sink_csv.Rd",8,8,8,8,100
"man/lazyframe__sink_ipc.Rd",2,2,2,2,100
"man/lazyframe__sink_ndjson.Rd",3,3,3,3,100
"man/lazyframe__sink_parquet.Rd",8,8,8,8,100
"man/lazyframe__slice.Rd",3,3,3,3,100
"man/lazyframe__sort.Rd",11,11,11,11,100
"man/lazyframe__sql.Rd",9,9,9,9,100
"man/lazyframe__std.Rd",5,5,5,5,100
"man/lazyframe__sum.Rd",3,3,3,3,100
"man/lazyframe__tail.Rd",5,5,5,5,100
"man/lazyframe__to_dot.Rd",7,7,7,7,100
"man/lazyframe__top_k.Rd",5,5,5,5,100
"man/lazyframe__unique.Rd",7,7,7,7,100
"man/lazyframe__unnest.Rd",10,10,10,10,100
"man/lazyframe__unpivot.Rd",3,3,3,3,100
"man/lazyframe__var.Rd",5,5,5,5,100
"man/lazyframe__with_columns_seq.Rd",25,25,25,25,100
"man/lazyframe__with_columns.Rd",25,25,25,25,100
"man/lazyframe__with_row_index.Rd",10,10,10,10,100
"man/lazygroupby__agg.Rd",23,23,23,23,100
"man/lazygroupby__having.Rd",6,6,6,6,100
"man/lazygroupby__head.Rd",6,6,6,6,100
"man/lazygroupby__len.Rd",7,7,7,7,100
"man/lazygroupby__max.Rd",5,5,5,5,100
"man/lazygroupby__mean.Rd",5,5,5,5,100
"man/lazygroupby__median.Rd",5,5,5,5,100
"man/lazygroupby__min.Rd",5,5,5,5,100
"man/lazygroupby__n_unique.Rd",5,5,5,5,100
"man/lazygroupby__quantile.Rd",5,5,5,5,100
"man/lazygroupby__sum.Rd",5,5,5,5,100
"man/lazygroupby__tail.Rd",6,6,6,6,100
"man/pl__all_horizontal.Rd",3,3,3,3,100
"man/pl__all.Rd",6,6,6,6,100
"man/pl__any_horizontal.Rd",3,3,3,3,100
"man/pl__any.Rd",3,3,3,3,100
"man/pl__arg_sort_by.Rd",9,9,9,9,100
"man/pl__arg_where.Rd",4,4,4,4,100
"man/pl__coalesce.Rd",6,6,6,6,100
"man/pl__col.Rd",11,11,11,11,100
"man/pl__collect_all.Rd",8,8,8,8,100
"man/pl__concat_arr.Rd",20,20,20,20,100
"man/pl__concat_list.Rd",16,16,16,16,100
"man/pl__concat_str.Rd",6,6,6,6,100
"man/pl__concat.Rd",18,18,18,18,100
"man/pl__cum_sum.Rd",5,5,5,5,100
"man/pl__DataFrame.Rd",12,12,12,12,100
"man/pl__date_range.Rd",4,4,4,4,100
"man/pl__date_ranges.Rd",7,7,7,7,100
"man/pl__date.Rd",9,9,9,9,100
"man/pl__datetime_range.Rd",6,6,6,6,100
"man/pl__datetime_ranges.Rd",7,7,7,7,100
"man/pl__datetime.Rd",11,11,11,11,100
"man/pl__duration.Rd",17,17,17,17,100
"man/pl__element.Rd",13,13,13,13,100
"man/pl__explain_all.Rd",8,8,8,8,100
"man/pl__first.Rd",3,3,3,3,100
"man/pl__int_range.Rd",10,10,10,10,100
"man/pl__int_ranges.Rd",5,5,5,5,100
"man/pl__last.Rd",3,3,3,3,100
"man/pl__LazyFrame.Rd",5,5,5,5,100
"man/pl__len.Rd",8,8,8,8,100
"man/pl__linear_space.Rd",14,14,14,14,100
"man/pl__linear_spaces.Rd",5,5,5,5,100
"man/pl__list.Rd",7,7,7,7,100
"man/pl__lit.Rd",10,10,10,10,100
"man/pl__max_horizontal.Rd",3,3,3,3,100
"man/pl__max.Rd",5,5,5,5,100
"man/pl__mean_horizontal.Rd",3,3,3,3,100
"man/pl__min_horizontal.Rd",3,3,3,3,100
"man/pl__min.Rd",5,5,5,5,100
"man/pl__nth.Rd",5,5,5,5,100
"man/pl__read_csv.Rd",1,1,1,1,100
"man/pl__read_ipc_stream.Rd",1,1,1,1,100
"man/pl__read_ipc.Rd",4,4,4,4,100
"man/pl__read_lines.Rd",1,1,1,1,100
"man/pl__read_ndjson.Rd",1,1,1,1,100
"man/pl__read_parquet.Rd",4,4,4,4,100
"man/pl__repeat_.Rd",5,5,5,5,100
"man/pl__row_index.Rd",10,10,10,10,100
"man/pl__scan_csv.Rd",2,2,2,2,100
"man/pl__scan_ipc.Rd",6,6,6,6,100
"man/pl__scan_lines.Rd",2,2,2,2,100
"man/pl__scan_ndjson.Rd",2,2,2,2,100
"man/pl__scan_parquet.Rd",6,6,6,6,100
"man/pl__Series.Rd",4,4,4,4,100
"man/pl__show_versions.Rd",1,1,1,1,100
"man/pl__SQLContext.Rd",2,2,2,2,100
"man/pl__struct.Rd",19,19,19,19,100
"man/pl__sum_horizontal.Rd",3,3,3,3,100
"man/pl__sum.Rd",5,5,5,5,100
"man/pl__thread_pool_size.Rd",1,1,1,1,100
"man/pl__time_range.Rd",2,2,2,2,100
"man/pl__time_ranges.Rd",3,3,3,3,100
"man/pl__when.Rd",79,79,79,79,100
"man/pl_api_register_series_namespace.Rd",16,8,16,8,50
"man/pl.Rd",1,1,1,1,100
"man/polars_code_completion_activate.Rd",9,9,9,9,100
"man/polars_dtype.Rd",31,31,31,31,100
"man/polars_envvars.Rd",1,1,1,1,100
"man/polars_expr.Rd",12,12,12,12,100
"man/polars_info.Rd",3,0,3,3,100
"man/polars_partitioning_scheme.Rd",6,6,6,6,100
"man/QueryOptFlags.Rd",1,1,1,1,100
"man/s3-arithmetic.Rd",9,9,9,9,100
"man/s3-as_nanoarrow_array_stream.Rd",1,1,1,1,100
"man/s3-as_tibble.Rd",3,3,3,3,100
"man/s3-as.data.frame.Rd",1,1,1,1,100
"man/s3-as.list.Rd",2,2,2,2,100
"man/series__alias.Rd",3,3,3,3,100
"man/series__chunk_lengths.Rd",7,7,7,7,100
"man/series__is_empty.Rd",2,2,2,2,100
"man/series__n_chunks.Rd",7,7,7,7,100
"man/series__rechunk.Rd",7,7,7,7,100
"man/series__serialize.Rd",2,2,2,2,100
"man/series__shrink_dtype.Rd",1,1,1,1,100
"man/series__to_frame.Rd",3,3,3,3,100
"man/series__to_r_vector.Rd",20,20,20,20,100
"man/series_list_to_struct.Rd",8,8,8,8,100
"man/series_str_json_decode.Rd",9,9,9,9,100
"man/series_str_strptime.Rd",24,24,24,24,100
"man/series_str_to_datetime.Rd",4,4,4,4,100
"man/series_str_to_decimal.Rd",4,4,4,4,100
"man/series_struct_unnest.Rd",2,2,2,2,100
"man/sql_context__execute.Rd",6,6,6,6,100
"man/sql_context__register_many.Rd",5,5,5,5,100
"man/sql_context__register.Rd",5,5,5,5,100
"man/sql_context__tables.Rd",5,5,5,5,100
"man/sql_context__unregister.Rd",9,9,9,9,100
"NEWS.md",39,35,35,35,89.7
"README.Rmd",9,8,8,8,88.9
"vignettes/custom-functions.Rmd",14,6,6,6,42.9
"vignettes/install.Rmd",1,0,0,0,0
"vignettes/performance.Rmd",32,29,30,30,93.8
"vignettes/polars.Rmd",91,85,84,84,92.3
