"corpus","path","r_blocks"
"articles","README.Rmd",6
"articles","vignettes/custom-functions.Rmd",12
"articles","vignettes/install.Rmd",4
"articles","vignettes/performance.Rmd",10
"articles","vignettes/polars.Rmd",39
"articles","altdoc/reference_home.Rmd",9
"reference","man/as_polars_df.Rd",1
"reference","man/as_polars_expr.Rd",1
"reference","man/as_polars_lf.Rd",0
"reference","man/as_polars_series.Rd",1
"reference","man/check_polars.Rd",1
"reference","man/cs__all.Rd",1
"reference","man/cs__alpha.Rd",1
"reference","man/cs__alphanumeric.Rd",1
"reference","man/cs__array.Rd",1
"reference","man/cs__binary.Rd",1
"reference","man/cs__boolean.Rd",1
"reference","man/cs__by_dtype.Rd",1
"reference","man/cs__by_index.Rd",1
"reference","man/cs__by_name.Rd",1
"reference","man/cs__categorical.Rd",1
"reference","man/cs__contains.Rd",1
"reference","man/cs__date.Rd",1
"reference","man/cs__datetime.Rd",1
"reference","man/cs__decimal.Rd",1
"reference","man/cs__digit.Rd",1
"reference","man/cs__duration.Rd",1
"reference","man/cs__empty.Rd",1
"reference","man/cs__ends_with.Rd",1
"reference","man/cs__enum.Rd",1
"reference","man/cs__exclude.Rd",1
"reference","man/cs__first.Rd",1
"reference","man/cs__float.Rd",1
"reference","man/cs__integer.Rd",1
"reference","man/cs__last.Rd",1
"reference","man/cs__list.Rd",1
"reference","man/cs__matches.Rd",1
"reference","man/cs__nested.Rd",1
"reference","man/cs__numeric.Rd",1
"reference","man/cs__signed_integer.Rd",1
"reference","man/cs__starts_with.Rd",1
"reference","man/cs__string.Rd",1
"reference","man/cs__struct.Rd",1
"reference","man/cs__temporal.Rd",1
"reference","man/cs__time.Rd",1
"reference","man/cs__unsigned_integer.Rd",1
"reference","man/cs.Rd",1
"reference","man/dataframe__bottom_k.Rd",1
"reference","man/dataframe__cast.Rd",1
"reference","man/dataframe__clear.Rd",1
"reference","man/dataframe__clone.Rd",1
"reference","man/dataframe__count.Rd",1
"reference","man/dataframe__describe.Rd",1
"reference","man/dataframe__drop_nans.Rd",1
"reference","man/dataframe__drop_nulls.Rd",1
"reference","man/dataframe__drop.Rd",1
"reference","man/dataframe__equals.Rd",1
"reference","man/dataframe__explode.Rd",1
"reference","man/dataframe__fill_nan.Rd",1
"reference","man/dataframe__fill_null.Rd",1
"reference","man/dataframe__filter.Rd",1
"reference","man/dataframe__gather_every.Rd",1
"reference","man/dataframe__get_column_index.Rd",1
"reference","man/dataframe__get_column.Rd",1
"reference","man/dataframe__get_columns.Rd",1
"reference","man/dataframe__glimpse.Rd",1
"reference","man/dataframe__group_by_dynamic.Rd",1
"reference","man/dataframe__group_by.Rd",1
"reference","man/dataframe__hash_rows.Rd",1
"reference","man/dataframe__head.Rd",1
"reference","man/dataframe__is_duplicated.Rd",1
"reference","man/dataframe__is_empty.Rd",1
"reference","man/dataframe__is_unique.Rd",1
"reference","man/dataframe__join_asof.Rd",1
"reference","man/dataframe__join_where.Rd",1
"reference","man/dataframe__join.Rd",1
"reference","man/dataframe__lazy.Rd",1
"reference","man/dataframe__map_columns.Rd",1
"reference","man/dataframe__max_horizontal.Rd",1
"reference","man/dataframe__max.Rd",1
"reference","man/dataframe__mean_horizontal.Rd",1
"reference","man/dataframe__mean.Rd",1
"reference","man/dataframe__median.Rd",1
"reference","man/dataframe__merge_sorted.Rd",1
"reference","man/dataframe__min_horizontal.Rd",1
"reference","man/dataframe__min.Rd",1
"reference","man/dataframe__n_chunks.Rd",1
"reference","man/dataframe__partition_by.Rd",1
"reference","man/dataframe__pivot.Rd",1
"reference","man/dataframe__quantile.Rd",1
"reference","man/dataframe__rechunk.Rd",0
"reference","man/dataframe__remove.Rd",1
"reference","man/dataframe__rename.Rd",1
"reference","man/dataframe__reverse.Rd",1
"reference","man/dataframe__rolling.Rd",1
"reference","man/dataframe__sample.Rd",1
"reference","man/dataframe__select_seq.Rd",1
"reference","man/dataframe__select.Rd",1
"reference","man/dataframe__serialize.Rd",1
"reference","man/dataframe__set_sorted.Rd",1
"reference","man/dataframe__shift.Rd",1
"reference","man/dataframe__slice.Rd",1
"reference","man/dataframe__sort.Rd",1
"reference","man/dataframe__std.Rd",1
"reference","man/dataframe__sum_horizontal.Rd",1
"reference","man/dataframe__sum.Rd",1
"reference","man/dataframe__tail.Rd",1
"reference","man/dataframe__to_dummies.Rd",1
"reference","man/dataframe__to_series.Rd",1
"reference","man/dataframe__to_struct.Rd",1
"reference","man/dataframe__top_k.Rd",1
"reference","man/dataframe__transpose.Rd",1
"reference","man/dataframe__unique.Rd",1
"reference","man/dataframe__unnest.Rd",1
"reference","man/dataframe__unpivot.Rd",1
"reference","man/dataframe__unstack.Rd",1
"reference","man/dataframe__var.Rd",1
"reference","man/dataframe__with_columns_seq.Rd",1
"reference","man/dataframe__with_columns.Rd",1
"reference","man/dataframe__with_row_index.Rd",1
"reference","man/dataframe__write_csv.Rd",1
"reference","man/dataframe__write_ipc_stream.Rd",1
"reference","man/dataframe__write_ipc.Rd",1
"reference","man/dataframe__write_json.Rd",1
"reference","man/dataframe__write_ndjson.Rd",1
"reference","man/dataframe__write_parquet.Rd",1
"reference","man/datatype__to_dtype_expr.Rd",0
"reference","man/datatype_expr__default_value.Rd",1
"reference","man/datatype_expr__display.Rd",1
"reference","man/datatype_expr__inner_dtype.Rd",1
"reference","man/datatype_expr__matches.Rd",1
"reference","man/datatype_expr__wrap_in_array.Rd",1
"reference","man/datatype_expr__wrap_in_list.Rd",1
"reference","man/expr__abs.Rd",1
"reference","man/expr__add.Rd",1
"reference","man/expr__alias.Rd",1
"reference","man/expr__all.Rd",1
"reference","man/expr__and.Rd",1
"reference","man/expr__any.Rd",1
"reference","man/expr__append.Rd",1
"reference","man/expr__approx_n_unique.Rd",1
"reference","man/expr__arccos.Rd",1
"reference","man/expr__arccosh.Rd",1
"reference","man/expr__arcsin.Rd",1
"reference","man/expr__arcsinh.Rd",1
"reference","man/expr__arctan.Rd",1
"reference","man/expr__arctanh.Rd",1
"reference","man/expr__arg_max.Rd",1
"reference","man/expr__arg_min.Rd",1
"reference","man/expr__arg_sort.Rd",1
"reference","man/expr__arg_true.Rd",1
"reference","man/expr__arg_unique.Rd",1
"reference","man/expr__backward_fill.Rd",1
"reference","man/expr__bin_intervals.Rd",1
"reference","man/expr__bin_quantiles.Rd",1
"reference","man/expr__bin_ranks.Rd",1
"reference","man/expr__bitwise_and.Rd",1
"reference","man/expr__bitwise_count_ones.Rd",1
"reference","man/expr__bitwise_count_zeros.Rd",1
"reference","man/expr__bitwise_leading_ones.Rd",1
"reference","man/expr__bitwise_leading_zeros.Rd",1
"reference","man/expr__bitwise_or.Rd",1
"reference","man/expr__bitwise_trailing_ones.Rd",1
"reference","man/expr__bitwise_trailing_zeros.Rd",1
"reference","man/expr__bitwise_xor.Rd",1
"reference","man/expr__bottom_k_by.Rd",1
"reference","man/expr__bottom_k.Rd",1
"reference","man/expr__cast.Rd",1
"reference","man/expr__cbrt.Rd",1
"reference","man/expr__ceil.Rd",1
"reference","man/expr__clip.Rd",1
"reference","man/expr__cos.Rd",1
"reference","man/expr__cosh.Rd",1
"reference","man/expr__cot.Rd",1
"reference","man/expr__count.Rd",1
"reference","man/expr__cum_count.Rd",1
"reference","man/expr__cum_max.Rd",1
"reference","man/expr__cum_min.Rd",1
"reference","man/expr__cum_prod.Rd",1
"reference","man/expr__cum_sum.Rd",1
"reference","man/expr__cumulative_eval.Rd",1
"reference","man/expr__cut.Rd",1
"reference","man/expr__degrees.Rd",1
"reference","man/expr__diff.Rd",1
"reference","man/expr__dot.Rd",1
"reference","man/expr__drop_nans.Rd",1
"reference","man/expr__drop_nulls.Rd",1
"reference","man/expr__entropy.Rd",1
"reference","man/expr__eq_missing.Rd",1
"reference","man/expr__eq.Rd",1
"reference","man/expr__ewm_mean_by.Rd",1
"reference","man/expr__ewm_mean.Rd",1
"reference","man/expr__ewm_std.Rd",1
"reference","man/expr__ewm_var.Rd",1
"reference","man/expr__exclude.Rd",1
"reference","man/expr__exp.Rd",1
"reference","man/expr__explode.Rd",1
"reference","man/expr__extend_constant.Rd",1
"reference","man/expr__fill_nan.Rd",1
"reference","man/expr__fill_null.Rd",1
"reference","man/expr__filter.Rd",1
"reference","man/expr__first.Rd",1
"reference","man/expr__floor_div.Rd",1
"reference","man/expr__floor.Rd",1
"reference","man/expr__forward_fill.Rd",1
"reference","man/expr__gather_every.Rd",1
"reference","man/expr__gather.Rd",1
"reference","man/expr__ge.Rd",1
"reference","man/expr__get.Rd",1
"reference","man/expr__gt.Rd",1
"reference","man/expr__has_nulls.Rd",1
"reference","man/expr__hash.Rd",1
"reference","man/expr__head.Rd",1
"reference","man/expr__hist.Rd",1
"reference","man/expr__implode.Rd",1
"reference","man/expr__index_of.Rd",1
"reference","man/expr__interpolate_by.Rd",1
"reference","man/expr__interpolate.Rd",1
"reference","man/expr__is_between.Rd",1
"reference","man/expr__is_close.Rd",1
"reference","man/expr__is_duplicated.Rd",1
"reference","man/expr__is_finite.Rd",1
"reference","man/expr__is_first_distinct.Rd",1
"reference","man/expr__is_in.Rd",1
"reference","man/expr__is_infinite.Rd",1
"reference","man/expr__is_last_distinct.Rd",1
"reference","man/expr__is_nan.Rd",1
"reference","man/expr__is_not_nan.Rd",1
"reference","man/expr__is_not_null.Rd",1
"reference","man/expr__is_null.Rd",1
"reference","man/expr__is_unique.Rd",1
"reference","man/expr__item.Rd",1
"reference","man/expr__kurtosis.Rd",1
"reference","man/expr__last.Rd",1
"reference","man/expr__le.Rd",1
"reference","man/expr__len.Rd",1
"reference","man/expr__limit.Rd",1
"reference","man/expr__log.Rd",1
"reference","man/expr__log10.Rd",1
"reference","man/expr__log1p.Rd",1
"reference","man/expr__lower_bound.Rd",1
"reference","man/expr__lt.Rd",1
"reference","man/expr__map_batches.Rd",1
"reference","man/expr__max_by.Rd",1
"reference","man/expr__max.Rd",1
"reference","man/expr__mean.Rd",1
"reference","man/expr__median.Rd",1
"reference","man/expr__min_by.Rd",1
"reference","man/expr__min.Rd",1
"reference","man/expr__mod.Rd",1
"reference","man/expr__mode.Rd",1
"reference","man/expr__mul.Rd",1
"reference","man/expr__n_unique.Rd",1
"reference","man/expr__nan_max.Rd",1
"reference","man/expr__nan_min.Rd",1
"reference","man/expr__ne_missing.Rd",1
"reference","man/expr__ne.Rd",1
"reference","man/expr__not.Rd",1
"reference","man/expr__null_count.Rd",1
"reference","man/expr__or.Rd",1
"reference","man/expr__over.Rd",1
"reference","man/expr__pct_change.Rd",1
"reference","man/expr__peak_max.Rd",1
"reference","man/expr__peak_min.Rd",1
"reference","man/expr__pow.Rd",1
"reference","man/expr__product.Rd",1
"reference","man/expr__qcut.Rd",1
"reference","man/expr__quantile.Rd",1
"reference","man/expr__radians.Rd",1
"reference","man/expr__rank.Rd",1
"reference","man/expr__reinterpret.Rd",1
"reference","man/expr__repeat_by.Rd",1
"reference","man/expr__replace_strict.Rd",1
"reference","man/expr__replace.Rd",1
"reference","man/expr__reshape.Rd",1
"reference","man/expr__reverse.Rd",1
"reference","man/expr__rle_id.Rd",1
"reference","man/expr__rle.Rd",1
"reference","man/expr__rolling_kurtosis.Rd",1
"reference","man/expr__rolling_max_by.Rd",1
"reference","man/expr__rolling_max.Rd",1
"reference","man/expr__rolling_mean_by.Rd",1
"reference","man/expr__rolling_mean.Rd",1
"reference","man/expr__rolling_median_by.Rd",1
"reference","man/expr__rolling_median.Rd",1
"reference","man/expr__rolling_min_by.Rd",1
"reference","man/expr__rolling_min.Rd",1
"reference","man/expr__rolling_quantile_by.Rd",1
"reference","man/expr__rolling_quantile.Rd",1
"reference","man/expr__rolling_rank_by.Rd",1
"reference","man/expr__rolling_rank.Rd",1
"reference","man/expr__rolling_skew.Rd",1
"reference","man/expr__rolling_std_by.Rd",1
"reference","man/expr__rolling_std.Rd",1
"reference","man/expr__rolling_sum_by.Rd",1
"reference","man/expr__rolling_sum.Rd",1
"reference","man/expr__rolling_var_by.Rd",1
"reference","man/expr__rolling_var.Rd",1
"reference","man/expr__rolling.Rd",1
"reference","man/expr__round_sig_figs.Rd",1
"reference","man/expr__round.Rd",1
"reference","man/expr__sample.Rd",1
"reference","man/expr__search_sorted.Rd",1
"reference","man/expr__set_sorted.Rd",1
"reference","man/expr__shift.Rd",1
"reference","man/expr__shuffle.Rd",1
"reference","man/expr__sign.Rd",1
"reference","man/expr__sin.Rd",1
"reference","man/expr__sinh.Rd",1
"reference","man/expr__skew.Rd",1
"reference","man/expr__slice.Rd",1
"reference","man/expr__sort_by.Rd",1
"reference","man/expr__sort.Rd",1
"reference","man/expr__sqrt.Rd",1
"reference","man/expr__std.Rd",1
"reference","man/expr__sub.Rd",1
"reference","man/expr__sum.Rd",1
"reference","man/expr__tail.Rd",1
"reference","man/expr__tan.Rd",1
"reference","man/expr__tanh.Rd",1
"reference","man/expr__to_physical.Rd",1
"reference","man/expr__top_k_by.Rd",1
"reference","man/expr__top_k.Rd",1
"reference","man/expr__true_div.Rd",1
"reference","man/expr__truncate.Rd",1
"reference","man/expr__unique_counts.Rd",1
"reference","man/expr__unique.Rd",1
"reference","man/expr__upper_bound.Rd",1
"reference","man/expr__value_counts.Rd",1
"reference","man/expr__var.Rd",1
"reference","man/expr__xor.Rd",1
"reference","man/expr_arr_agg.Rd",1
"reference","man/expr_arr_all.Rd",1
"reference","man/expr_arr_any.Rd",1
"reference","man/expr_arr_arg_max.Rd",1
"reference","man/expr_arr_arg_min.Rd",1
"reference","man/expr_arr_contains.Rd",1
"reference","man/expr_arr_count_matches.Rd",1
"reference","man/expr_arr_dot.Rd",1
"reference","man/expr_arr_eval.Rd",1
"reference","man/expr_arr_explode.Rd",1
"reference","man/expr_arr_first.Rd",1
"reference","man/expr_arr_get.Rd",1
"reference","man/expr_arr_join.Rd",1
"reference","man/expr_arr_last.Rd",1
"reference","man/expr_arr_len.Rd",1
"reference","man/expr_arr_max.Rd",1
"reference","man/expr_arr_median.Rd",1
"reference","man/expr_arr_min.Rd",1
"reference","man/expr_arr_n_unique.Rd",1
"reference","man/expr_arr_reverse.Rd",1
"reference","man/expr_arr_shift.Rd",1
"reference","man/expr_arr_sort.Rd",1
"reference","man/expr_arr_std.Rd",1
"reference","man/expr_arr_sum.Rd",1
"reference","man/expr_arr_to_list.Rd",1
"reference","man/expr_arr_to_struct.Rd",1
"reference","man/expr_arr_unique.Rd",1
"reference","man/expr_arr_var.Rd",1
"reference","man/expr_bin_contains.Rd",1
"reference","man/expr_bin_decode.Rd",1
"reference","man/expr_bin_encode.Rd",1
"reference","man/expr_bin_ends_with.Rd",1
"reference","man/expr_bin_get.Rd",1
"reference","man/expr_bin_reinterpret.Rd",1
"reference","man/expr_bin_size.Rd",1
"reference","man/expr_bin_starts_with.Rd",1
"reference","man/expr_cat_physical.Rd",1
"reference","man/expr_cat_to.Rd",1
"reference","man/expr_dt_add_business_days.Rd",1
"reference","man/expr_dt_base_utc_offset.Rd",1
"reference","man/expr_dt_cast_time_unit.Rd",1
"reference","man/expr_dt_century.Rd",1
"reference","man/expr_dt_combine.Rd",1
"reference","man/expr_dt_convert_time_zone.Rd",1
"reference","man/expr_dt_date.Rd",1
"reference","man/expr_dt_day.Rd",1
"reference","man/expr_dt_days_in_month.Rd",1
"reference","man/expr_dt_dst_offset.Rd",1
"reference","man/expr_dt_epoch.Rd",1
"reference","man/expr_dt_hour.Rd",1
"reference","man/expr_dt_is_leap_year.Rd",1
"reference","man/expr_dt_iso_year.Rd",1
"reference","man/expr_dt_microsecond.Rd",1
"reference","man/expr_dt_millennium.Rd",1
"reference","man/expr_dt_millisecond.Rd",1
"reference","man/expr_dt_minute.Rd",1
"reference","man/expr_dt_month_end.Rd",1
"reference","man/expr_dt_month_start.Rd",1
"reference","man/expr_dt_month.Rd",1
"reference","man/expr_dt_nanosecond.Rd",1
"reference","man/expr_dt_offset_by.Rd",1
"reference","man/expr_dt_ordinal_day.Rd",1
"reference","man/expr_dt_quarter.Rd",1
"reference","man/expr_dt_replace_time_zone.Rd",1
"reference","man/expr_dt_replace.Rd",1
"reference","man/expr_dt_round.Rd",1
"reference","man/expr_dt_second.Rd",1
"reference","man/expr_dt_strftime.Rd",1
"reference","man/expr_dt_time.Rd",1
"reference","man/expr_dt_timestamp.Rd",1
"reference","man/expr_dt_to_string.Rd",1
"reference","man/expr_dt_total_days.Rd",1
"reference","man/expr_dt_total_hours.Rd",1
"reference","man/expr_dt_total_microseconds.Rd",1
"reference","man/expr_dt_total_milliseconds.Rd",1
"reference","man/expr_dt_total_minutes.Rd",1
"reference","man/expr_dt_total_nanoseconds.Rd",1
"reference","man/expr_dt_total_seconds.Rd",1
"reference","man/expr_dt_truncate.Rd",1
"reference","man/expr_dt_week.Rd",1
"reference","man/expr_dt_weekday.Rd",1
"reference","man/expr_dt_year.Rd",1
"reference","man/expr_list_agg.Rd",1
"reference","man/expr_list_all.Rd",1
"reference","man/expr_list_any.Rd",1
"reference","man/expr_list_arg_max.Rd",1
"reference","man/expr_list_arg_min.Rd",1
"reference","man/expr_list_concat.Rd",1
"reference","man/expr_list_contains.Rd",1
"reference","man/expr_list_count_matches.Rd",1
"reference","man/expr_list_diff.Rd",1
"reference","man/expr_list_drop_nulls.Rd",1
"reference","man/expr_list_eval.Rd",1
"reference","man/expr_list_explode.Rd",1
"reference","man/expr_list_first.Rd",1
"reference","man/expr_list_gather_every.Rd",1
"reference","man/expr_list_gather.Rd",1
"reference","man/expr_list_get.Rd",1
"reference","man/expr_list_head.Rd",1
"reference","man/expr_list_join.Rd",1
"reference","man/expr_list_last.Rd",1
"reference","man/expr_list_len.Rd",1
"reference","man/expr_list_max.Rd",1
"reference","man/expr_list_mean.Rd",1
"reference","man/expr_list_median.Rd",1
"reference","man/expr_list_min.Rd",1
"reference","man/expr_list_n_unique.Rd",1
"reference","man/expr_list_reverse.Rd",1
"reference","man/expr_list_sample.Rd",1
"reference","man/expr_list_set_difference.Rd",1
"reference","man/expr_list_set_intersection.Rd",1
"reference","man/expr_list_set_symmetric_difference.Rd",1
"reference","man/expr_list_set_union.Rd",1
"reference","man/expr_list_shift.Rd",1
"reference","man/expr_list_slice.Rd",1
"reference","man/expr_list_sort.Rd",1
"reference","man/expr_list_std.Rd",1
"reference","man/expr_list_sum.Rd",1
"reference","man/expr_list_tail.Rd",1
"reference","man/expr_list_to_array.Rd",1
"reference","man/expr_list_to_struct.Rd",1
"reference","man/expr_list_unique.Rd",1
"reference","man/expr_list_var.Rd",1
"reference","man/expr_meta_eq.Rd",1
"reference","man/expr_meta_has_multiple_outputs.Rd",1
"reference","man/expr_meta_is_column_selection.Rd",1
"reference","man/expr_meta_is_column.Rd",1
"reference","man/expr_meta_is_literal.Rd",1
"reference","man/expr_meta_is_regex_projection.Rd",1
"reference","man/expr_meta_ne.Rd",1
"reference","man/expr_meta_output_name.Rd",1
"reference","man/expr_meta_pop.Rd",1
"reference","man/expr_meta_root_names.Rd",1
"reference","man/expr_meta_serialize.Rd",1
"reference","man/expr_meta_tree_format.Rd",1
"reference","man/expr_meta_undo_aliases.Rd",1
"reference","man/expr_name_keep.Rd",1
"reference","man/expr_name_prefix_fields.Rd",1
"reference","man/expr_name_prefix.Rd",1
"reference","man/expr_name_replace.Rd",1
"reference","man/expr_name_suffix_fields.Rd",1
"reference","man/expr_name_suffix.Rd",1
"reference","man/expr_name_to_lowercase.Rd",1
"reference","man/expr_name_to_uppercase.Rd",1
"reference","man/expr_str_contains_any.Rd",1
"reference","man/expr_str_contains.Rd",1
"reference","man/expr_str_count_matches.Rd",1
"reference","man/expr_str_decode.Rd",1
"reference","man/expr_str_encode.Rd",1
"reference","man/expr_str_ends_with.Rd",1
"reference","man/expr_str_escape_regex.Rd",1
"reference","man/expr_str_extract_all.Rd",1
"reference","man/expr_str_extract_groups.Rd",1
"reference","man/expr_str_extract_many.Rd",1
"reference","man/expr_str_extract.Rd",1
"reference","man/expr_str_find_many.Rd",1
"reference","man/expr_str_find.Rd",1
"reference","man/expr_str_head.Rd",1
"reference","man/expr_str_join.Rd",1
"reference","man/expr_str_json_decode.Rd",1
"reference","man/expr_str_json_path_match.Rd",1
"reference","man/expr_str_len_bytes.Rd",1
"reference","man/expr_str_len_chars.Rd",1
"reference","man/expr_str_normalize.Rd",1
"reference","man/expr_str_pad_end.Rd",1
"reference","man/expr_str_pad_start.Rd",1
"reference","man/expr_str_replace_all.Rd",1
"reference","man/expr_str_replace_many.Rd",1
"reference","man/expr_str_replace.Rd",1
"reference","man/expr_str_reverse.Rd",1
"reference","man/expr_str_slice.Rd",1
"reference","man/expr_str_split_exact.Rd",1
"reference","man/expr_str_split.Rd",1
"reference","man/expr_str_splitn.Rd",1
"reference","man/expr_str_starts_with.Rd",1
"reference","man/expr_str_strip_chars_end.Rd",1
"reference","man/expr_str_strip_chars_start.Rd",1
"reference","man/expr_str_strip_chars.Rd",1
"reference","man/expr_str_strip_prefix.Rd",1
"reference","man/expr_str_strip_suffix.Rd",1
"reference","man/expr_str_strptime.Rd",1
"reference","man/expr_str_tail.Rd",1
"reference","man/expr_str_to_date.Rd",1
"reference","man/expr_str_to_datetime.Rd",1
"reference","man/expr_str_to_decimal.Rd",1
"reference","man/expr_str_to_integer.Rd",1
"reference","man/expr_str_to_lowercase.Rd",1
"reference","man/expr_str_to_time.Rd",1
"reference","man/expr_str_to_titlecase.Rd",1
"reference","man/expr_str_to_uppercase.Rd",1
"reference","man/expr_str_zfill.Rd",1
"reference","man/expr_struct_drop.Rd",1
"reference","man/expr_struct_field.Rd",1
"reference","man/expr_struct_json_encode.Rd",1
"reference","man/expr_struct_rename_fields.Rd",1
"reference","man/expr_struct_unnest.Rd",1
"reference","man/expr_struct_with_fields.Rd",1
"reference","man/format.polars_dtype.Rd",1
"reference","man/groupby__agg.Rd",1
"reference","man/groupby__having.Rd",1
"reference","man/groupby__head.Rd",1
"reference","man/groupby__len.Rd",1
"reference","man/groupby__max.Rd",1
"reference","man/groupby__mean.Rd",1
"reference","man/groupby__median.Rd",1
"reference","man/groupby__min.Rd",1
"reference","man/groupby__n_unique.Rd",1
"reference","man/groupby__quantile.Rd",1
"reference","man/groupby__sum.Rd",1
"reference","man/groupby__tail.Rd",1
"reference","man/infer_polars_dtype.Rd",1
"reference","man/lazyframe__bottom_k.Rd",1
"reference","man/lazyframe__cast.Rd",1
"reference","man/lazyframe__clear.Rd",1
"reference","man/lazyframe__clone.Rd",1
"reference","man/lazyframe__collect_schema.Rd",1
"reference","man/lazyframe__collect.Rd",1
"reference","man/lazyframe__count.Rd",1
"reference","man/lazyframe__describe.Rd",1
"reference","man/lazyframe__drop_nans.Rd",1
"reference","man/lazyframe__drop_nulls.Rd",1
"reference","man/lazyframe__drop.Rd",1
"reference","man/lazyframe__explain.Rd",1
"reference","man/lazyframe__explode.Rd",1
"reference","man/lazyframe__fill_nan.Rd",1
"reference","man/lazyframe__fill_null.Rd",1
"reference","man/lazyframe__filter.Rd",1
"reference","man/lazyframe__first.Rd",1
"reference","man/lazyframe__gather_every.Rd",1
"reference","man/lazyframe__group_by_dynamic.Rd",1
"reference","man/lazyframe__group_by.Rd",1
"reference","man/lazyframe__head.Rd",1
"reference","man/lazyframe__interpolate.Rd",1
"reference","man/lazyframe__join_asof.Rd",1
"reference","man/lazyframe__join_where.Rd",1
"reference","man/lazyframe__join.Rd",1
"reference","man/lazyframe__last.Rd",1
"reference","man/lazyframe__max.Rd",1
"reference","man/lazyframe__mean.Rd",1
"reference","man/lazyframe__median.Rd",1
"reference","man/lazyframe__merge_sorted.Rd",1
"reference","man/lazyframe__min.Rd",1
"reference","man/lazyframe__null_count.Rd",1
"reference","man/lazyframe__pivot.Rd",1
"reference","man/lazyframe__quantile.Rd",1
"reference","man/lazyframe__remove.Rd",1
"reference","man/lazyframe__rename.Rd",1
"reference","man/lazyframe__reverse.Rd",1
"reference","man/lazyframe__rolling.Rd",1
"reference","man/lazyframe__select_seq.Rd",1
"reference","man/lazyframe__select.Rd",1
"reference","man/lazyframe__serialize.Rd",1
"reference","man/lazyframe__set_sorted.Rd",0
"reference","man/lazyframe__shift.Rd",1
"reference","man/lazyframe__sink_batches.Rd",1
"reference","man/lazyframe__sink_csv.Rd",1
"reference","man/lazyframe__sink_ipc.Rd",1
"reference","man/lazyframe__sink_ndjson.Rd",1
"reference","man/lazyframe__sink_parquet.Rd",1
"reference","man/lazyframe__slice.Rd",1
"reference","man/lazyframe__sort.Rd",1
"reference","man/lazyframe__sql.Rd",1
"reference","man/lazyframe__std.Rd",1
"reference","man/lazyframe__sum.Rd",1
"reference","man/lazyframe__tail.Rd",1
"reference","man/lazyframe__to_dot.Rd",1
"reference","man/lazyframe__top_k.Rd",1
"reference","man/lazyframe__unique.Rd",1
"reference","man/lazyframe__unnest.Rd",1
"reference","man/lazyframe__unpivot.Rd",1
"reference","man/lazyframe__var.Rd",1
"reference","man/lazyframe__with_columns_seq.Rd",1
"reference","man/lazyframe__with_columns.Rd",1
"reference","man/lazyframe__with_row_index.Rd",1
"reference","man/lazygroupby__agg.Rd",1
"reference","man/lazygroupby__having.Rd",1
"reference","man/lazygroupby__head.Rd",1
"reference","man/lazygroupby__len.Rd",1
"reference","man/lazygroupby__max.Rd",1
"reference","man/lazygroupby__mean.Rd",1
"reference","man/lazygroupby__median.Rd",1
"reference","man/lazygroupby__min.Rd",1
"reference","man/lazygroupby__n_unique.Rd",1
"reference","man/lazygroupby__quantile.Rd",1
"reference","man/lazygroupby__sum.Rd",1
"reference","man/lazygroupby__tail.Rd",1
"reference","man/pl__all_horizontal.Rd",1
"reference","man/pl__all.Rd",1
"reference","man/pl__any_horizontal.Rd",1
"reference","man/pl__any.Rd",1
"reference","man/pl__arg_sort_by.Rd",1
"reference","man/pl__arg_where.Rd",1
"reference","man/pl__coalesce.Rd",1
"reference","man/pl__col.Rd",1
"reference","man/pl__collect_all.Rd",1
"reference","man/pl__concat_arr.Rd",1
"reference","man/pl__concat_list.Rd",1
"reference","man/pl__concat_str.Rd",1
"reference","man/pl__concat.Rd",1
"reference","man/pl__cum_sum.Rd",1
"reference","man/pl__DataFrame.Rd",1
"reference","man/pl__date_range.Rd",1
"reference","man/pl__date_ranges.Rd",1
"reference","man/pl__date.Rd",1
"reference","man/pl__datetime_range.Rd",1
"reference","man/pl__datetime_ranges.Rd",1
"reference","man/pl__datetime.Rd",1
"reference","man/pl__dtype_of.Rd",0
"reference","man/pl__duration.Rd",1
"reference","man/pl__element.Rd",1
"reference","man/pl__explain_all.Rd",1
"reference","man/pl__first.Rd",1
"reference","man/pl__int_range.Rd",1
"reference","man/pl__int_ranges.Rd",1
"reference","man/pl__last.Rd",1
"reference","man/pl__LazyFrame.Rd",1
"reference","man/pl__len.Rd",1
"reference","man/pl__linear_space.Rd",1
"reference","man/pl__linear_spaces.Rd",1
"reference","man/pl__list.Rd",1
"reference","man/pl__lit.Rd",1
"reference","man/pl__max_horizontal.Rd",1
"reference","man/pl__max.Rd",1
"reference","man/pl__mean_horizontal.Rd",1
"reference","man/pl__min_horizontal.Rd",1
"reference","man/pl__min.Rd",1
"reference","man/pl__nth.Rd",1
"reference","man/pl__read_csv.Rd",1
"reference","man/pl__read_ipc_stream.Rd",1
"reference","man/pl__read_ipc.Rd",1
"reference","man/pl__read_lines.Rd",1
"reference","man/pl__read_ndjson.Rd",1
"reference","man/pl__read_parquet.Rd",1
"reference","man/pl__repeat_.Rd",1
"reference","man/pl__row_index.Rd",1
"reference","man/pl__scan_csv.Rd",1
"reference","man/pl__scan_ipc.Rd",1
"reference","man/pl__scan_lines.Rd",1
"reference","man/pl__scan_ndjson.Rd",1
"reference","man/pl__scan_parquet.Rd",1
"reference","man/pl__Series.Rd",1
"reference","man/pl__show_versions.Rd",1
"reference","man/pl__SQLContext.Rd",1
"reference","man/pl__struct.Rd",1
"reference","man/pl__sum_horizontal.Rd",1
"reference","man/pl__sum.Rd",1
"reference","man/pl__thread_pool_size.Rd",1
"reference","man/pl__time_range.Rd",1
"reference","man/pl__time_ranges.Rd",1
"reference","man/pl__when.Rd",1
"reference","man/pl_api_register_series_namespace.Rd",1
"reference","man/pl.Rd",1
"reference","man/polars_code_completion_activate.Rd",1
"reference","man/polars_dtype.Rd",1
"reference","man/polars_envvars.Rd",1
"reference","man/polars_expr.Rd",1
"reference","man/polars_info.Rd",1
"reference","man/polars_options.Rd",1
"reference","man/polars_partitioning_scheme.Rd",1
"reference","man/polars-duration-string.Rd",0
"reference","man/polars-package.Rd",0
"reference","man/QueryOptFlags.Rd",1
"reference","man/s3-arithmetic.Rd",1
"reference","man/s3-as_nanoarrow_array_stream.Rd",1
"reference","man/s3-as_tibble.Rd",1
"reference","man/s3-as.data.frame.Rd",1
"reference","man/s3-as.list.Rd",1
"reference","man/s3-knit_print.Rd",1
"reference","man/series__alias.Rd",1
"reference","man/series__chunk_lengths.Rd",1
"reference","man/series__is_empty.Rd",1
"reference","man/series__n_chunks.Rd",1
"reference","man/series__rechunk.Rd",1
"reference","man/series__serialize.Rd",1
"reference","man/series__shrink_dtype.Rd",1
"reference","man/series__to_frame.Rd",1
"reference","man/series__to_r_vector.Rd",1
"reference","man/series_list_to_struct.Rd",1
"reference","man/series_str_json_decode.Rd",1
"reference","man/series_str_strptime.Rd",1
"reference","man/series_str_to_datetime.Rd",1
"reference","man/series_str_to_decimal.Rd",1
"reference","man/series_struct_unnest.Rd",1
"reference","man/sql_context__execute.Rd",1
"reference","man/sql_context__register_many.Rd",1
"reference","man/sql_context__register.Rd",1
"reference","man/sql_context__tables.Rd",1
"reference","man/sql_context__unregister.Rd",1
"supplemental","DEVELOPMENT.md",15
"supplemental","NEWS.md",19
