"type","member","function_key","result","known"
"polars_data_frame","set_column_names","dataframe__set_column_names","polars_data_frame",TRUE
"polars_data_frame","serialize","dataframe__serialize","",FALSE
"polars_data_frame","collect_schema","dataframe__collect_schema","",FALSE
"polars_data_frame","to_struct","dataframe__to_struct","polars_series",TRUE
"polars_data_frame","lazy","dataframe__lazy","polars_lazy_frame",TRUE
"polars_data_frame","clone","dataframe__clone","polars_data_frame",TRUE
"polars_data_frame","get_columns","dataframe__get_columns","",FALSE
"polars_data_frame","get_column","dataframe__get_column","polars_series",TRUE
"polars_data_frame","get_column_index","dataframe__get_column_index","",FALSE
"polars_data_frame","group_by","dataframe__group_by","environment",TRUE
"polars_data_frame","select","dataframe__select","polars_data_frame",TRUE
"polars_data_frame","select_seq","dataframe__select_seq","polars_data_frame",TRUE
"polars_data_frame","with_columns","dataframe__with_columns","polars_data_frame",TRUE
"polars_data_frame","with_columns_seq","dataframe__with_columns_seq","polars_data_frame",TRUE
"polars_data_frame","to_series","dataframe__to_series","polars_series",TRUE
"polars_data_frame","equals","dataframe__equals","",FALSE
"polars_data_frame","slice","dataframe__slice","polars_data_frame",TRUE
"polars_data_frame","head","dataframe__head","polars_data_frame",TRUE
"polars_data_frame","tail","dataframe__tail","polars_data_frame",TRUE
"polars_data_frame","drop","dataframe__drop","polars_data_frame",TRUE
"polars_data_frame","cast","dataframe__cast","polars_data_frame",TRUE
"polars_data_frame","filter","dataframe__filter","polars_data_frame",TRUE
"polars_data_frame","remove","dataframe__remove","polars_data_frame",TRUE
"polars_data_frame","sort","dataframe__sort","polars_data_frame",TRUE
"polars_data_frame","n_chunks","dataframe__n_chunks","",FALSE
"polars_data_frame","rechunk","dataframe__rechunk","polars_data_frame",TRUE
"polars_data_frame","bottom_k","dataframe__bottom_k","polars_data_frame",TRUE
"polars_data_frame","top_k","dataframe__top_k","polars_data_frame",TRUE
"polars_data_frame","merge_sorted","dataframe__merge_sorted","polars_data_frame",TRUE
"polars_data_frame","set_sorted","dataframe__set_sorted","polars_data_frame",TRUE
"polars_data_frame","unique","dataframe__unique","polars_data_frame",TRUE
"polars_data_frame","join","dataframe__join","",FALSE
"polars_data_frame","drop_nans","dataframe__drop_nans","polars_data_frame",TRUE
"polars_data_frame","drop_nulls","dataframe__drop_nulls","polars_data_frame",TRUE
"polars_data_frame","map_columns","dataframe__map_columns","polars_data_frame",TRUE
"polars_data_frame","gather_every","dataframe__gather_every","polars_data_frame",TRUE
"polars_data_frame","rename","dataframe__rename","",FALSE
"polars_data_frame","fill_null","dataframe__fill_null","",FALSE
"polars_data_frame","explode","dataframe__explode","polars_data_frame",TRUE
"polars_data_frame","unnest","dataframe__unnest","polars_data_frame",TRUE
"polars_data_frame","join_asof","dataframe__join_asof","polars_data_frame",TRUE
"polars_data_frame","fill_nan","dataframe__fill_nan","polars_data_frame",TRUE
"polars_data_frame","clear","dataframe__clear","",FALSE
"polars_data_frame","shift","dataframe__shift","polars_data_frame",TRUE
"polars_data_frame","join_where","dataframe__join_where","polars_data_frame",TRUE
"polars_data_frame","unpivot","dataframe__unpivot","polars_data_frame",TRUE
"polars_data_frame","to_dummies","dataframe__to_dummies","polars_data_frame",TRUE
"polars_data_frame","partition_by","dataframe__partition_by","",FALSE
"polars_data_frame","pivot","dataframe__pivot","polars_data_frame",TRUE
"polars_data_frame","max_horizontal","dataframe__max_horizontal","polars_series",TRUE
"polars_data_frame","mean_horizontal","dataframe__mean_horizontal","polars_series",TRUE
"polars_data_frame","min_horizontal","dataframe__min_horizontal","polars_series",TRUE
"polars_data_frame","sum_horizontal","dataframe__sum_horizontal","polars_series",TRUE
"polars_data_frame","max","dataframe__max","polars_data_frame",TRUE
"polars_data_frame","min","dataframe__min","polars_data_frame",TRUE
"polars_data_frame","mean","dataframe__mean","polars_data_frame",TRUE
"polars_data_frame","median","dataframe__median","polars_data_frame",TRUE
"polars_data_frame","sum","dataframe__sum","polars_data_frame",TRUE
"polars_data_frame","var","dataframe__var","polars_data_frame",TRUE
"polars_data_frame","std","dataframe__std","polars_data_frame",TRUE
"polars_data_frame","quantile","dataframe__quantile","polars_data_frame",TRUE
"polars_data_frame","is_unique","dataframe__is_unique","polars_series",TRUE
"polars_data_frame","is_duplicated","dataframe__is_duplicated","polars_series",TRUE
"polars_data_frame","is_empty","dataframe__is_empty","",FALSE
"polars_data_frame","rolling","dataframe__rolling","",FALSE
"polars_data_frame","transpose","dataframe__transpose","polars_data_frame",TRUE
"polars_data_frame","with_row_index","dataframe__with_row_index","",FALSE
"polars_data_frame","sample","dataframe__sample","",FALSE
"polars_data_frame","group_by_dynamic","dataframe__group_by_dynamic","",FALSE
"polars_data_frame","hash_rows","dataframe__hash_rows","polars_series",TRUE
"polars_data_frame","unstack","dataframe__unstack","polars_data_frame",TRUE
"polars_data_frame","describe","dataframe__describe","",FALSE
"polars_data_frame","reverse","dataframe__reverse","polars_data_frame",TRUE
"polars_data_frame","count","dataframe__count","polars_data_frame",TRUE
"polars_data_frame","glimpse","dataframe__glimpse","",FALSE
"polars_data_frame","write_csv","dataframe__write_csv","",FALSE
"polars_data_frame","write_ipc","dataframe__write_ipc","",FALSE
"polars_data_frame","write_ipc_stream","dataframe__write_ipc_stream","",FALSE
"polars_data_frame","write_json","dataframe__write_json","",FALSE
"polars_data_frame","write_ndjson","dataframe__write_ndjson","",FALSE
"polars_data_frame","write_parquet","dataframe__write_parquet","",FALSE
"polars_group_by","agg","groupby__agg","",FALSE
"polars_group_by","head","groupby__head","",FALSE
"polars_group_by","tail","groupby__tail","",FALSE
"polars_group_by","max","groupby__max","",FALSE
"polars_group_by","min","groupby__min","",FALSE
"polars_group_by","median","groupby__median","",FALSE
"polars_group_by","mean","groupby__mean","",FALSE
"polars_group_by","sum","groupby__sum","",FALSE
"polars_group_by","quantile","groupby__quantile","",FALSE
"polars_group_by","n_unique","groupby__n_unique","",FALSE
"polars_group_by","len","groupby__len","",FALSE
"polars_group_by","having","groupby__having","environment",TRUE
"polars_group_by_dynamic","agg","group_by_dynamic__agg","",FALSE
"polars_group_by_dynamic","having","group_by_dynamic__having","environment",TRUE
"polars_rolling_group_by","agg","rolling_groupby__agg","",FALSE
"polars_rolling_group_by","having","rolling_groupby__having","environment",TRUE
"polars_dtype","eq","datatype__eq","",FALSE
"polars_dtype","ne","datatype__ne","",FALSE
"polars_dtype","is_numeric","datatype__is_numeric","",FALSE
"polars_dtype","is_decimal","datatype__is_decimal","",FALSE
"polars_dtype","is_integer","datatype__is_integer","",FALSE
"polars_dtype","is_signed_integer","datatype__is_signed_integer","",FALSE
"polars_dtype","is_unsigned_integer","datatype__is_unsigned_integer","",FALSE
"polars_dtype","is_float","datatype__is_float","",FALSE
"polars_dtype","is_temporal","datatype__is_temporal","",FALSE
"polars_dtype","is_nested","datatype__is_nested","",FALSE
"polars_dtype","max","datatype__max","",FALSE
"polars_dtype","min","datatype__min","",FALSE
"polars_dtype","to_dtype_expr","datatype__to_dtype_expr","polars_datatype_expr",TRUE
"polars_datatype_expr","matches","datatype_expr__matches","polars_expr",TRUE
"polars_datatype_expr","display","datatype_expr__display","polars_expr",TRUE
"polars_datatype_expr","inner_dtype","datatype_expr__inner_dtype","polars_datatype_expr",TRUE
"polars_datatype_expr","default_value","datatype_expr__default_value","polars_expr",TRUE
"polars_datatype_expr","wrap_in_list","datatype_expr__wrap_in_list","polars_datatype_expr",TRUE
"polars_datatype_expr","wrap_in_array","datatype_expr__wrap_in_array","polars_datatype_expr",TRUE
"polars_expr","add","expr__add","polars_expr",TRUE
"polars_expr","sub","expr__sub","polars_expr",TRUE
"polars_expr","mul","expr__mul","polars_expr",TRUE
"polars_expr","true_div","expr__true_div","polars_expr",TRUE
"polars_expr","truediv","expr__truediv","polars_expr",TRUE
"polars_expr","pow","expr__pow","polars_expr",TRUE
"polars_expr","mod","expr__mod","polars_expr",TRUE
"polars_expr","floor_div","expr__floor_div","polars_expr",TRUE
"polars_expr","floordiv","expr__floordiv","polars_expr",TRUE
"polars_expr","neg","expr__neg","polars_expr",TRUE
"polars_expr","eq","expr__eq","polars_expr",TRUE
"polars_expr","eq_missing","expr__eq_missing","polars_expr",TRUE
"polars_expr","ne","expr__ne","polars_expr",TRUE
"polars_expr","ne_missing","expr__ne_missing","polars_expr",TRUE
"polars_expr","gt","expr__gt","polars_expr",TRUE
"polars_expr","ge","expr__ge","polars_expr",TRUE
"polars_expr","le","expr__le","polars_expr",TRUE
"polars_expr","lt","expr__lt","polars_expr",TRUE
"polars_expr","alias","expr__alias","polars_expr",TRUE
"polars_expr","exclude","expr__exclude","",FALSE
"polars_expr","not","expr__not","polars_expr",TRUE
"polars_expr","invert","expr__invert","polars_expr",TRUE
"polars_expr","is_null","expr__is_null","polars_expr",TRUE
"polars_expr","is_not_null","expr__is_not_null","polars_expr",TRUE
"polars_expr","is_infinite","expr__is_infinite","polars_expr",TRUE
"polars_expr","is_finite","expr__is_finite","polars_expr",TRUE
"polars_expr","is_nan","expr__is_nan","polars_expr",TRUE
"polars_expr","is_not_nan","expr__is_not_nan","polars_expr",TRUE
"polars_expr","min","expr__min","polars_expr",TRUE
"polars_expr","max","expr__max","polars_expr",TRUE
"polars_expr","nan_max","expr__nan_max","polars_expr",TRUE
"polars_expr","nan_min","expr__nan_min","polars_expr",TRUE
"polars_expr","mean","expr__mean","polars_expr",TRUE
"polars_expr","median","expr__median","polars_expr",TRUE
"polars_expr","sum","expr__sum","polars_expr",TRUE
"polars_expr","cast","expr__cast","polars_expr",TRUE
"polars_expr","sort","expr__sort","polars_expr",TRUE
"polars_expr","arg_sort","expr__arg_sort","polars_expr",TRUE
"polars_expr","sort_by","expr__sort_by","polars_expr",TRUE
"polars_expr","reverse","expr__reverse","polars_expr",TRUE
"polars_expr","slice","expr__slice","polars_expr",TRUE
"polars_expr","head","expr__head","polars_expr",TRUE
"polars_expr","tail","expr__tail","polars_expr",TRUE
"polars_expr","first","expr__first","polars_expr",TRUE
"polars_expr","last","expr__last","polars_expr",TRUE
"polars_expr","over","expr__over","polars_expr",TRUE
"polars_expr","filter","expr__filter","polars_expr",TRUE
"polars_expr","map_batches","expr__map_batches","polars_expr",TRUE
"polars_expr","and","expr__and","",FALSE
"polars_expr","or","expr__or","",FALSE
"polars_expr","xor","expr__xor","polars_expr",TRUE
"polars_expr","diff","expr__diff","polars_expr",TRUE
"polars_expr","dot","expr__dot","polars_expr",TRUE
"polars_expr","reshape","expr__reshape","polars_expr",TRUE
"polars_expr","any","expr__any","polars_expr",TRUE
"polars_expr","all","expr__all","polars_expr",TRUE
"polars_expr","cum_sum","expr__cum_sum","polars_expr",TRUE
"polars_expr","cum_prod","expr__cum_prod","polars_expr",TRUE
"polars_expr","cum_min","expr__cum_min","polars_expr",TRUE
"polars_expr","cum_max","expr__cum_max","polars_expr",TRUE
"polars_expr","cum_count","expr__cum_count","polars_expr",TRUE
"polars_expr","cumulative_eval","expr__cumulative_eval","polars_expr",TRUE
"polars_expr","arg_max","expr__arg_max","polars_expr",TRUE
"polars_expr","arg_min","expr__arg_min","polars_expr",TRUE
"polars_expr","arg_unique","expr__arg_unique","polars_expr",TRUE
"polars_expr","arg_true","expr__arg_true","polars_expr",TRUE
"polars_expr","count","expr__count","polars_expr",TRUE
"polars_expr","implode","expr__implode","polars_expr",TRUE
"polars_expr","len","expr__len","polars_expr",TRUE
"polars_expr","product","expr__product","polars_expr",TRUE
"polars_expr","quantile","expr__quantile","polars_expr",TRUE
"polars_expr","std","expr__std","polars_expr",TRUE
"polars_expr","var","expr__var","polars_expr",TRUE
"polars_expr","has_nulls","expr__has_nulls","",FALSE
"polars_expr","is_between","expr__is_between","polars_expr",TRUE
"polars_expr","is_duplicated","expr__is_duplicated","polars_expr",TRUE
"polars_expr","is_first_distinct","expr__is_first_distinct","polars_expr",TRUE
"polars_expr","is_last_distinct","expr__is_last_distinct","polars_expr",TRUE
"polars_expr","is_in","expr__is_in","polars_expr",TRUE
"polars_expr","is_unique","expr__is_unique","polars_expr",TRUE
"polars_expr","abs","expr__abs","polars_expr",TRUE
"polars_expr","approx_n_unique","expr__approx_n_unique","polars_expr",TRUE
"polars_expr","n_unique","expr__n_unique","polars_expr",TRUE
"polars_expr","sin","expr__sin","polars_expr",TRUE
"polars_expr","cos","expr__cos","polars_expr",TRUE
"polars_expr","cot","expr__cot","polars_expr",TRUE
"polars_expr","tan","expr__tan","polars_expr",TRUE
"polars_expr","arcsin","expr__arcsin","polars_expr",TRUE
"polars_expr","arccos","expr__arccos","polars_expr",TRUE
"polars_expr","arctan","expr__arctan","polars_expr",TRUE
"polars_expr","sinh","expr__sinh","polars_expr",TRUE
"polars_expr","cosh","expr__cosh","polars_expr",TRUE
"polars_expr","tanh","expr__tanh","polars_expr",TRUE
"polars_expr","arcsinh","expr__arcsinh","polars_expr",TRUE
"polars_expr","arccosh","expr__arccosh","polars_expr",TRUE
"polars_expr","arctanh","expr__arctanh","polars_expr",TRUE
"polars_expr","sqrt","expr__sqrt","polars_expr",TRUE
"polars_expr","cbrt","expr__cbrt","polars_expr",TRUE
"polars_expr","degrees","expr__degrees","polars_expr",TRUE
"polars_expr","radians","expr__radians","polars_expr",TRUE
"polars_expr","entropy","expr__entropy","polars_expr",TRUE
"polars_expr","exp","expr__exp","polars_expr",TRUE
"polars_expr","log","expr__log","polars_expr",TRUE
"polars_expr","log10","expr__log10","polars_expr",TRUE
"polars_expr","log1p","expr__log1p","polars_expr",TRUE
"polars_expr","hash","expr__hash","polars_expr",TRUE
"polars_expr","mode","expr__mode","polars_expr",TRUE
"polars_expr","null_count","expr__null_count","polars_expr",TRUE
"polars_expr","pct_change","expr__pct_change","polars_expr",TRUE
"polars_expr","peak_max","expr__peak_max","polars_expr",TRUE
"polars_expr","peak_min","expr__peak_min","polars_expr",TRUE
"polars_expr","rank","expr__rank","polars_expr",TRUE
"polars_expr","kurtosis","expr__kurtosis","polars_expr",TRUE
"polars_expr","skew","expr__skew","polars_expr",TRUE
"polars_expr","hist","expr__hist","polars_expr",TRUE
"polars_expr","value_counts","expr__value_counts","polars_expr",TRUE
"polars_expr","unique_counts","expr__unique_counts","polars_expr",TRUE
"polars_expr","unique","expr__unique","polars_expr",TRUE
"polars_expr","sign","expr__sign","polars_expr",TRUE
"polars_expr","search_sorted","expr__search_sorted","polars_expr",TRUE
"polars_expr","rolling_max","expr__rolling_max","polars_expr",TRUE
"polars_expr","rolling_min","expr__rolling_min","polars_expr",TRUE
"polars_expr","rolling_mean","expr__rolling_mean","polars_expr",TRUE
"polars_expr","rolling_median","expr__rolling_median","polars_expr",TRUE
"polars_expr","rolling_sum","expr__rolling_sum","polars_expr",TRUE
"polars_expr","rolling_quantile","expr__rolling_quantile","polars_expr",TRUE
"polars_expr","rolling_skew","expr__rolling_skew","polars_expr",TRUE
"polars_expr","rolling_std","expr__rolling_std","polars_expr",TRUE
"polars_expr","rolling_var","expr__rolling_var","polars_expr",TRUE
"polars_expr","rolling_rank","expr__rolling_rank","polars_expr",TRUE
"polars_expr","rolling_kurtosis","expr__rolling_kurtosis","polars_expr",TRUE
"polars_expr","rolling","expr__rolling","polars_expr",TRUE
"polars_expr","rolling_max_by","expr__rolling_max_by","polars_expr",TRUE
"polars_expr","rolling_min_by","expr__rolling_min_by","polars_expr",TRUE
"polars_expr","rolling_mean_by","expr__rolling_mean_by","polars_expr",TRUE
"polars_expr","rolling_median_by","expr__rolling_median_by","polars_expr",TRUE
"polars_expr","rolling_sum_by","expr__rolling_sum_by","polars_expr",TRUE
"polars_expr","rolling_quantile_by","expr__rolling_quantile_by","polars_expr",TRUE
"polars_expr","rolling_std_by","expr__rolling_std_by","polars_expr",TRUE
"polars_expr","rolling_var_by","expr__rolling_var_by","polars_expr",TRUE
"polars_expr","rolling_rank_by","expr__rolling_rank_by","polars_expr",TRUE
"polars_expr","ewm_var","expr__ewm_var","polars_expr",TRUE
"polars_expr","ewm_std","expr__ewm_std","polars_expr",TRUE
"polars_expr","ewm_mean","expr__ewm_mean","polars_expr",TRUE
"polars_expr","ewm_mean_by","expr__ewm_mean_by","polars_expr",TRUE
"polars_expr","append","expr__append","polars_expr",TRUE
"polars_expr","backward_fill","expr__backward_fill","polars_expr",TRUE
"polars_expr","forward_fill","expr__forward_fill","polars_expr",TRUE
"polars_expr","bottom_k","expr__bottom_k","polars_expr",TRUE
"polars_expr","top_k","expr__top_k","polars_expr",TRUE
"polars_expr","bottom_k_by","expr__bottom_k_by","polars_expr",TRUE
"polars_expr","top_k_by","expr__top_k_by","polars_expr",TRUE
"polars_expr","ceil","expr__ceil","polars_expr",TRUE
"polars_expr","floor","expr__floor","polars_expr",TRUE
"polars_expr","clip","expr__clip","polars_expr",TRUE
"polars_expr","drop_nans","expr__drop_nans","polars_expr",TRUE
"polars_expr","drop_nulls","expr__drop_nulls","polars_expr",TRUE
"polars_expr","explode","expr__explode","polars_expr",TRUE
"polars_expr","extend_constant","expr__extend_constant","polars_expr",TRUE
"polars_expr","fill_nan","expr__fill_nan","polars_expr",TRUE
"polars_expr","fill_null","expr__fill_null","polars_expr",TRUE
"polars_expr","gather","expr__gather","polars_expr",TRUE
"polars_expr","get","expr__get","polars_expr",TRUE
"polars_expr","gather_every","expr__gather_every","polars_expr",TRUE
"polars_expr","interpolate","expr__interpolate","polars_expr",TRUE
"polars_expr","interpolate_by","expr__interpolate_by","polars_expr",TRUE
"polars_expr","limit","expr__limit","polars_expr",TRUE
"polars_expr","lower_bound","expr__lower_bound","polars_expr",TRUE
"polars_expr","upper_bound","expr__upper_bound","polars_expr",TRUE
"polars_expr","cut","expr__cut","polars_expr",TRUE
"polars_expr","qcut","expr__qcut","polars_expr",TRUE
"polars_expr","bin_intervals","expr__bin_intervals","polars_expr",TRUE
"polars_expr","bin_quantiles","expr__bin_quantiles","polars_expr",TRUE
"polars_expr","bin_ranks","expr__bin_ranks","polars_expr",TRUE
"polars_expr","reinterpret","expr__reinterpret","polars_expr",TRUE
"polars_expr","repeat_by","expr__repeat_by","polars_expr",TRUE
"polars_expr","replace","expr__replace","polars_expr",TRUE
"polars_expr","replace_strict","expr__replace_strict","polars_expr",TRUE
"polars_expr","rle","expr__rle","polars_expr",TRUE
"polars_expr","rle_id","expr__rle_id","polars_expr",TRUE
"polars_expr","sample","expr__sample","polars_expr",TRUE
"polars_expr","round","expr__round","polars_expr",TRUE
"polars_expr","round_sig_figs","expr__round_sig_figs","polars_expr",TRUE
"polars_expr","truncate","expr__truncate","polars_expr",TRUE
"polars_expr","shift","expr__shift","polars_expr",TRUE
"polars_expr","shuffle","expr__shuffle","polars_expr",TRUE
"polars_expr","set_sorted","expr__set_sorted","polars_expr",TRUE
"polars_expr","to_physical","expr__to_physical","polars_expr",TRUE
"polars_expr","bitwise_count_ones","expr__bitwise_count_ones","polars_expr",TRUE
"polars_expr","bitwise_count_zeros","expr__bitwise_count_zeros","polars_expr",TRUE
"polars_expr","bitwise_leading_ones","expr__bitwise_leading_ones","polars_expr",TRUE
"polars_expr","bitwise_leading_zeros","expr__bitwise_leading_zeros","polars_expr",TRUE
"polars_expr","bitwise_trailing_ones","expr__bitwise_trailing_ones","polars_expr",TRUE
"polars_expr","bitwise_trailing_zeros","expr__bitwise_trailing_zeros","polars_expr",TRUE
"polars_expr","bitwise_and","expr__bitwise_and","polars_expr",TRUE
"polars_expr","bitwise_or","expr__bitwise_or","polars_expr",TRUE
"polars_expr","bitwise_xor","expr__bitwise_xor","polars_expr",TRUE
"polars_expr","index_of","expr__index_of","polars_expr",TRUE
"polars_expr","is_close","expr__is_close","polars_expr",TRUE
"polars_expr","item","expr__item","polars_expr",TRUE
"polars_expr","max_by","expr__max_by","polars_expr",TRUE
"polars_expr","min_by","expr__min_by","polars_expr",TRUE
"polars_lazy_frame","serialize","lazyframe__serialize","",FALSE
"polars_lazy_frame","select","lazyframe__select","polars_lazy_frame",TRUE
"polars_lazy_frame","select_seq","lazyframe__select_seq","polars_lazy_frame",TRUE
"polars_lazy_frame","group_by","lazyframe__group_by","polars_lazy_group_by",TRUE
"polars_lazy_frame","collect","lazyframe__collect","polars_data_frame",TRUE
"polars_lazy_frame","explain","lazyframe__explain","",FALSE
"polars_lazy_frame","collect_schema","lazyframe__collect_schema","",FALSE
"polars_lazy_frame","cast","lazyframe__cast","polars_lazy_frame",TRUE
"polars_lazy_frame","filter","lazyframe__filter","polars_lazy_frame",TRUE
"polars_lazy_frame","remove","lazyframe__remove","polars_lazy_frame",TRUE
"polars_lazy_frame","sort","lazyframe__sort","polars_lazy_frame",TRUE
"polars_lazy_frame","with_columns","lazyframe__with_columns","polars_lazy_frame",TRUE
"polars_lazy_frame","with_columns_seq","lazyframe__with_columns_seq","polars_lazy_frame",TRUE
"polars_lazy_frame","drop","lazyframe__drop","polars_lazy_frame",TRUE
"polars_lazy_frame","slice","lazyframe__slice","polars_lazy_frame",TRUE
"polars_lazy_frame","head","lazyframe__head","polars_lazy_frame",TRUE
"polars_lazy_frame","limit","lazyframe__limit","polars_lazy_frame",TRUE
"polars_lazy_frame","tail","lazyframe__tail","polars_lazy_frame",TRUE
"polars_lazy_frame","first","lazyframe__first","polars_lazy_frame",TRUE
"polars_lazy_frame","last","lazyframe__last","polars_lazy_frame",TRUE
"polars_lazy_frame","max","lazyframe__max","polars_lazy_frame",TRUE
"polars_lazy_frame","mean","lazyframe__mean","polars_lazy_frame",TRUE
"polars_lazy_frame","median","lazyframe__median","polars_lazy_frame",TRUE
"polars_lazy_frame","min","lazyframe__min","polars_lazy_frame",TRUE
"polars_lazy_frame","sum","lazyframe__sum","polars_lazy_frame",TRUE
"polars_lazy_frame","var","lazyframe__var","polars_lazy_frame",TRUE
"polars_lazy_frame","std","lazyframe__std","polars_lazy_frame",TRUE
"polars_lazy_frame","quantile","lazyframe__quantile","polars_lazy_frame",TRUE
"polars_lazy_frame","fill_nan","lazyframe__fill_nan","polars_lazy_frame",TRUE
"polars_lazy_frame","fill_null","lazyframe__fill_null","",FALSE
"polars_lazy_frame","shift","lazyframe__shift","polars_lazy_frame",TRUE
"polars_lazy_frame","reverse","lazyframe__reverse","polars_lazy_frame",TRUE
"polars_lazy_frame","drop_nulls","lazyframe__drop_nulls","polars_lazy_frame",TRUE
"polars_lazy_frame","drop_nans","lazyframe__drop_nans","polars_lazy_frame",TRUE
"polars_lazy_frame","unique","lazyframe__unique","polars_lazy_frame",TRUE
"polars_lazy_frame","join","lazyframe__join","",FALSE
"polars_lazy_frame","join_where","lazyframe__join_where","polars_lazy_frame",TRUE
"polars_lazy_frame","pivot","lazyframe__pivot","polars_lazy_frame",TRUE
"polars_lazy_frame","unpivot","lazyframe__unpivot","polars_lazy_frame",TRUE
"polars_lazy_frame","rename","lazyframe__rename","",FALSE
"polars_lazy_frame","explode","lazyframe__explode","polars_lazy_frame",TRUE
"polars_lazy_frame","clone","lazyframe__clone","polars_lazy_frame",TRUE
"polars_lazy_frame","unnest","lazyframe__unnest","polars_lazy_frame",TRUE
"polars_lazy_frame","rolling","lazyframe__rolling","polars_lazy_group_by",TRUE
"polars_lazy_frame","group_by_dynamic","lazyframe__group_by_dynamic","polars_lazy_group_by",TRUE
"polars_lazy_frame","to_dot","lazyframe__to_dot","",FALSE
"polars_lazy_frame","clear","lazyframe__clear","",FALSE
"polars_lazy_frame","gather_every","lazyframe__gather_every","polars_lazy_frame",TRUE
"polars_lazy_frame","count","lazyframe__count","polars_lazy_frame",TRUE
"polars_lazy_frame","null_count","lazyframe__null_count","polars_lazy_frame",TRUE
"polars_lazy_frame","bottom_k","lazyframe__bottom_k","polars_lazy_frame",TRUE
"polars_lazy_frame","top_k","lazyframe__top_k","polars_lazy_frame",TRUE
"polars_lazy_frame","interpolate","lazyframe__interpolate","polars_lazy_frame",TRUE
"polars_lazy_frame","merge_sorted","lazyframe__merge_sorted","polars_lazy_frame",TRUE
"polars_lazy_frame","set_sorted","lazyframe__set_sorted","polars_lazy_frame",TRUE
"polars_lazy_frame","with_row_index","lazyframe__with_row_index","",FALSE
"polars_lazy_frame","join_asof","lazyframe__join_asof","polars_lazy_frame",TRUE
"polars_lazy_frame","describe","lazyframe__describe","",FALSE
"polars_lazy_frame","sql","lazyframe__sql","polars_lazy_frame",TRUE
"polars_lazy_frame","sink_batches","lazyframe__sink_batches","",FALSE
"polars_lazy_frame","lazy_sink_batches","lazyframe__lazy_sink_batches","polars_lazy_frame",TRUE
"polars_lazy_frame","sink_csv","lazyframe__sink_csv","",FALSE
"polars_lazy_frame","lazy_sink_csv","lazyframe__lazy_sink_csv","polars_lazy_frame",TRUE
"polars_lazy_frame","sink_ipc","lazyframe__sink_ipc","",FALSE
"polars_lazy_frame","lazy_sink_ipc","lazyframe__lazy_sink_ipc","polars_lazy_frame",TRUE
"polars_lazy_frame","sink_ndjson","lazyframe__sink_ndjson","",FALSE
"polars_lazy_frame","lazy_sink_ndjson","lazyframe__lazy_sink_ndjson","polars_lazy_frame",TRUE
"polars_lazy_frame","sink_parquet","lazyframe__sink_parquet","",FALSE
"polars_lazy_frame","lazy_sink_parquet","lazyframe__lazy_sink_parquet","polars_lazy_frame",TRUE
"polars_lazy_group_by","agg","lazygroupby__agg","polars_lazy_frame",TRUE
"polars_lazy_group_by","head","lazygroupby__head","polars_lazy_frame",TRUE
"polars_lazy_group_by","tail","lazygroupby__tail","polars_lazy_frame",TRUE
"polars_lazy_group_by","max","lazygroupby__max","polars_lazy_frame",TRUE
"polars_lazy_group_by","min","lazygroupby__min","polars_lazy_frame",TRUE
"polars_lazy_group_by","median","lazygroupby__median","polars_lazy_frame",TRUE
"polars_lazy_group_by","mean","lazygroupby__mean","polars_lazy_frame",TRUE
"polars_lazy_group_by","sum","lazygroupby__sum","polars_lazy_frame",TRUE
"polars_lazy_group_by","quantile","lazygroupby__quantile","polars_lazy_frame",TRUE
"polars_lazy_group_by","n_unique","lazygroupby__n_unique","polars_lazy_frame",TRUE
"polars_lazy_group_by","len","lazygroupby__len","polars_lazy_frame",TRUE
"polars_lazy_group_by","having","lazygroupby__having","polars_lazy_group_by",TRUE
"polars_sql_context","register","sql_context__register","polars_sql_context",TRUE
"polars_sql_context","register_many","sql_context__register_many","polars_sql_context",TRUE
"polars_sql_context","unregister","sql_context__unregister","polars_sql_context",TRUE
"polars_sql_context","tables","sql_context__tables","",FALSE
"polars_sql_context","execute","sql_context__execute","polars_lazy_frame",TRUE
"polars_namespace_expr_arr","sum","expr_arr_sum","",FALSE
"polars_namespace_expr_arr","max","expr_arr_max","",FALSE
"polars_namespace_expr_arr","min","expr_arr_min","",FALSE
"polars_namespace_expr_arr","median","expr_arr_median","",FALSE
"polars_namespace_expr_arr","std","expr_arr_std","",FALSE
"polars_namespace_expr_arr","var","expr_arr_var","",FALSE
"polars_namespace_expr_arr","sort","expr_arr_sort","",FALSE
"polars_namespace_expr_arr","dot","expr_arr_dot","",FALSE
"polars_namespace_expr_arr","reverse","expr_arr_reverse","",FALSE
"polars_namespace_expr_arr","unique","expr_arr_unique","",FALSE
"polars_namespace_expr_arr","get","expr_arr_get","",FALSE
"polars_namespace_expr_arr","contains","expr_arr_contains","",FALSE
"polars_namespace_expr_arr","join","expr_arr_join","",FALSE
"polars_namespace_expr_arr","arg_min","expr_arr_arg_min","",FALSE
"polars_namespace_expr_arr","arg_max","expr_arr_arg_max","",FALSE
"polars_namespace_expr_arr","all","expr_arr_all","",FALSE
"polars_namespace_expr_arr","any","expr_arr_any","",FALSE
"polars_namespace_expr_arr","shift","expr_arr_shift","",FALSE
"polars_namespace_expr_arr","to_list","expr_arr_to_list","",FALSE
"polars_namespace_expr_arr","to_struct","expr_arr_to_struct","",FALSE
"polars_namespace_expr_arr","count_matches","expr_arr_count_matches","",FALSE
"polars_namespace_expr_arr","first","expr_arr_first","",FALSE
"polars_namespace_expr_arr","last","expr_arr_last","",FALSE
"polars_namespace_expr_arr","n_unique","expr_arr_n_unique","",FALSE
"polars_namespace_expr_arr","len","expr_arr_len","",FALSE
"polars_namespace_expr_arr","eval","expr_arr_eval","",FALSE
"polars_namespace_expr_arr","agg","expr_arr_agg","",FALSE
"polars_namespace_expr_arr","explode","expr_arr_explode","",FALSE
"polars_namespace_expr_bin","contains","expr_bin_contains","",FALSE
"polars_namespace_expr_bin","ends_with","expr_bin_ends_with","",FALSE
"polars_namespace_expr_bin","starts_with","expr_bin_starts_with","",FALSE
"polars_namespace_expr_bin","decode","expr_bin_decode","",FALSE
"polars_namespace_expr_bin","encode","expr_bin_encode","",FALSE
"polars_namespace_expr_bin","size","expr_bin_size","",FALSE
"polars_namespace_expr_bin","reinterpret","expr_bin_reinterpret","",FALSE
"polars_namespace_expr_bin","get","expr_bin_get","",FALSE
"polars_namespace_expr_cat","to","expr_cat_to","",FALSE
"polars_namespace_expr_cat","physical","expr_cat_physical","",FALSE
"polars_namespace_expr_dt","convert_time_zone","expr_dt_convert_time_zone","",FALSE
"polars_namespace_expr_dt","replace_time_zone","expr_dt_replace_time_zone","",FALSE
"polars_namespace_expr_dt","truncate","expr_dt_truncate","",FALSE
"polars_namespace_expr_dt","round","expr_dt_round","",FALSE
"polars_namespace_expr_dt","combine","expr_dt_combine","",FALSE
"polars_namespace_expr_dt","to_string","expr_dt_to_string","",FALSE
"polars_namespace_expr_dt","strftime","expr_dt_strftime","",FALSE
"polars_namespace_expr_dt","millennium","expr_dt_millennium","",FALSE
"polars_namespace_expr_dt","year","expr_dt_year","",FALSE
"polars_namespace_expr_dt","iso_year","expr_dt_iso_year","",FALSE
"polars_namespace_expr_dt","quarter","expr_dt_quarter","",FALSE
"polars_namespace_expr_dt","month","expr_dt_month","",FALSE
"polars_namespace_expr_dt","week","expr_dt_week","",FALSE
"polars_namespace_expr_dt","weekday","expr_dt_weekday","",FALSE
"polars_namespace_expr_dt","day","expr_dt_day","",FALSE
"polars_namespace_expr_dt","ordinal_day","expr_dt_ordinal_day","",FALSE
"polars_namespace_expr_dt","hour","expr_dt_hour","",FALSE
"polars_namespace_expr_dt","minute","expr_dt_minute","",FALSE
"polars_namespace_expr_dt","second","expr_dt_second","",FALSE
"polars_namespace_expr_dt","millisecond","expr_dt_millisecond","",FALSE
"polars_namespace_expr_dt","microsecond","expr_dt_microsecond","",FALSE
"polars_namespace_expr_dt","nanosecond","expr_dt_nanosecond","",FALSE
"polars_namespace_expr_dt","epoch","expr_dt_epoch","",FALSE
"polars_namespace_expr_dt","timestamp","expr_dt_timestamp","",FALSE
"polars_namespace_expr_dt","cast_time_unit","expr_dt_cast_time_unit","",FALSE
"polars_namespace_expr_dt","total_days","expr_dt_total_days","",FALSE
"polars_namespace_expr_dt","total_hours","expr_dt_total_hours","",FALSE
"polars_namespace_expr_dt","total_minutes","expr_dt_total_minutes","",FALSE
"polars_namespace_expr_dt","total_seconds","expr_dt_total_seconds","",FALSE
"polars_namespace_expr_dt","total_milliseconds","expr_dt_total_milliseconds","",FALSE
"polars_namespace_expr_dt","total_microseconds","expr_dt_total_microseconds","",FALSE
"polars_namespace_expr_dt","total_nanoseconds","expr_dt_total_nanoseconds","",FALSE
"polars_namespace_expr_dt","offset_by","expr_dt_offset_by","",FALSE
"polars_namespace_expr_dt","time","expr_dt_time","",FALSE
"polars_namespace_expr_dt","is_leap_year","expr_dt_is_leap_year","",FALSE
"polars_namespace_expr_dt","dst_offset","expr_dt_dst_offset","",FALSE
"polars_namespace_expr_dt","base_utc_offset","expr_dt_base_utc_offset","",FALSE
"polars_namespace_expr_dt","month_start","expr_dt_month_start","",FALSE
"polars_namespace_expr_dt","month_end","expr_dt_month_end","",FALSE
"polars_namespace_expr_dt","century","expr_dt_century","",FALSE
"polars_namespace_expr_dt","date","expr_dt_date","",FALSE
"polars_namespace_expr_dt","add_business_days","expr_dt_add_business_days","",FALSE
"polars_namespace_expr_dt","replace","expr_dt_replace","",FALSE
"polars_namespace_expr_dt","days_in_month","expr_dt_days_in_month","",FALSE
"polars_namespace_expr_list","len","expr_list_len","",FALSE
"polars_namespace_expr_list","sum","expr_list_sum","",FALSE
"polars_namespace_expr_list","max","expr_list_max","",FALSE
"polars_namespace_expr_list","min","expr_list_min","",FALSE
"polars_namespace_expr_list","mean","expr_list_mean","",FALSE
"polars_namespace_expr_list","sort","expr_list_sort","",FALSE
"polars_namespace_expr_list","reverse","expr_list_reverse","",FALSE
"polars_namespace_expr_list","unique","expr_list_unique","",FALSE
"polars_namespace_expr_list","n_unique","expr_list_n_unique","",FALSE
"polars_namespace_expr_list","concat","expr_list_concat","polars_expr",TRUE
"polars_namespace_expr_list","get","expr_list_get","",FALSE
"polars_namespace_expr_list","gather","expr_list_gather","",FALSE
"polars_namespace_expr_list","gather_every","expr_list_gather_every","",FALSE
"polars_namespace_expr_list","first","expr_list_first","",FALSE
"polars_namespace_expr_list","last","expr_list_last","",FALSE
"polars_namespace_expr_list","contains","expr_list_contains","",FALSE
"polars_namespace_expr_list","join","expr_list_join","",FALSE
"polars_namespace_expr_list","arg_min","expr_list_arg_min","",FALSE
"polars_namespace_expr_list","arg_max","expr_list_arg_max","",FALSE
"polars_namespace_expr_list","diff","expr_list_diff","",FALSE
"polars_namespace_expr_list","shift","expr_list_shift","",FALSE
"polars_namespace_expr_list","slice","expr_list_slice","",FALSE
"polars_namespace_expr_list","head","expr_list_head","",FALSE
"polars_namespace_expr_list","tail","expr_list_tail","",FALSE
"polars_namespace_expr_list","eval","expr_list_eval","",FALSE
"polars_namespace_expr_list","all","expr_list_all","",FALSE
"polars_namespace_expr_list","any","expr_list_any","",FALSE
"polars_namespace_expr_list","set_union","expr_list_set_union","",FALSE
"polars_namespace_expr_list","set_intersection","expr_list_set_intersection","",FALSE
"polars_namespace_expr_list","set_difference","expr_list_set_difference","",FALSE
"polars_namespace_expr_list","set_symmetric_difference","expr_list_set_symmetric_difference","",FALSE
"polars_namespace_expr_list","explode","expr_list_explode","",FALSE
"polars_namespace_expr_list","sample","expr_list_sample","",FALSE
"polars_namespace_expr_list","std","expr_list_std","",FALSE
"polars_namespace_expr_list","var","expr_list_var","",FALSE
"polars_namespace_expr_list","median","expr_list_median","",FALSE
"polars_namespace_expr_list","to_array","expr_list_to_array","",FALSE
"polars_namespace_expr_list","to_struct","expr_list_to_struct","",FALSE
"polars_namespace_expr_list","drop_nulls","expr_list_drop_nulls","",FALSE
"polars_namespace_expr_list","count_matches","expr_list_count_matches","",FALSE
"polars_namespace_expr_list","agg","expr_list_agg","",FALSE
"polars_namespace_expr_meta","has_multiple_outputs","expr_meta_has_multiple_outputs","",FALSE
"polars_namespace_expr_meta","output_name","expr_meta_output_name","",FALSE
"polars_namespace_expr_meta","undo_aliases","expr_meta_undo_aliases","",FALSE
"polars_namespace_expr_meta","as_selector","expr_meta_as_selector","",FALSE
"polars_namespace_expr_meta","serialize","expr_meta_serialize","",FALSE
"polars_namespace_expr_meta","eq","expr_meta_eq","",FALSE
"polars_namespace_expr_meta","ne","expr_meta_ne","",FALSE
"polars_namespace_expr_meta","root_names","expr_meta_root_names","",FALSE
"polars_namespace_expr_meta","tree_format","expr_meta_tree_format","",FALSE
"polars_namespace_expr_meta","is_column_selection","expr_meta_is_column_selection","",FALSE
"polars_namespace_expr_meta","is_column","expr_meta_is_column","",FALSE
"polars_namespace_expr_meta","is_regex_projection","expr_meta_is_regex_projection","",FALSE
"polars_namespace_expr_meta","pop","expr_meta_pop","",FALSE
"polars_namespace_expr_meta","is_literal","expr_meta_is_literal","",FALSE
"polars_namespace_expr_name","keep","expr_name_keep","",FALSE
"polars_namespace_expr_name","prefix","expr_name_prefix","",FALSE
"polars_namespace_expr_name","suffix","expr_name_suffix","",FALSE
"polars_namespace_expr_name","to_lowercase","expr_name_to_lowercase","",FALSE
"polars_namespace_expr_name","to_uppercase","expr_name_to_uppercase","",FALSE
"polars_namespace_expr_name","prefix_fields","expr_name_prefix_fields","",FALSE
"polars_namespace_expr_name","suffix_fields","expr_name_suffix_fields","",FALSE
"polars_namespace_expr_name","replace","expr_name_replace","",FALSE
"polars_namespace_expr_str","strptime","expr_str_strptime","",FALSE
"polars_namespace_expr_str","to_date","expr_str_to_date","",FALSE
"polars_namespace_expr_str","to_time","expr_str_to_time","",FALSE
"polars_namespace_expr_str","to_datetime","expr_str_to_datetime","",FALSE
"polars_namespace_expr_str","len_bytes","expr_str_len_bytes","",FALSE
"polars_namespace_expr_str","len_chars","expr_str_len_chars","",FALSE
"polars_namespace_expr_str","join","expr_str_join","",FALSE
"polars_namespace_expr_str","to_uppercase","expr_str_to_uppercase","",FALSE
"polars_namespace_expr_str","to_lowercase","expr_str_to_lowercase","",FALSE
"polars_namespace_expr_str","to_titlecase","expr_str_to_titlecase","",FALSE
"polars_namespace_expr_str","strip_chars","expr_str_strip_chars","",FALSE
"polars_namespace_expr_str","strip_chars_start","expr_str_strip_chars_start","",FALSE
"polars_namespace_expr_str","strip_chars_end","expr_str_strip_chars_end","",FALSE
"polars_namespace_expr_str","strip_prefix","expr_str_strip_prefix","",FALSE
"polars_namespace_expr_str","strip_suffix","expr_str_strip_suffix","",FALSE
"polars_namespace_expr_str","zfill","expr_str_zfill","",FALSE
"polars_namespace_expr_str","to_decimal","expr_str_to_decimal","",FALSE
"polars_namespace_expr_str","pad_end","expr_str_pad_end","",FALSE
"polars_namespace_expr_str","pad_start","expr_str_pad_start","",FALSE
"polars_namespace_expr_str","contains","expr_str_contains","",FALSE
"polars_namespace_expr_str","ends_with","expr_str_ends_with","",FALSE
"polars_namespace_expr_str","starts_with","expr_str_starts_with","",FALSE
"polars_namespace_expr_str","json_decode","expr_str_json_decode","",FALSE
"polars_namespace_expr_str","json_path_match","expr_str_json_path_match","",FALSE
"polars_namespace_expr_str","decode","expr_str_decode","",FALSE
"polars_namespace_expr_str","encode","expr_str_encode","",FALSE
"polars_namespace_expr_str","extract","expr_str_extract","",FALSE
"polars_namespace_expr_str","extract_all","expr_str_extract_all","",FALSE
"polars_namespace_expr_str","count_matches","expr_str_count_matches","",FALSE
"polars_namespace_expr_str","split","expr_str_split","",FALSE
"polars_namespace_expr_str","split_exact","expr_str_split_exact","",FALSE
"polars_namespace_expr_str","splitn","expr_str_splitn","",FALSE
"polars_namespace_expr_str","replace","expr_str_replace","",FALSE
"polars_namespace_expr_str","replace_all","expr_str_replace_all","",FALSE
"polars_namespace_expr_str","slice","expr_str_slice","",FALSE
"polars_namespace_expr_str","to_integer","expr_str_to_integer","",FALSE
"polars_namespace_expr_str","reverse","expr_str_reverse","",FALSE
"polars_namespace_expr_str","contains_any","expr_str_contains_any","",FALSE
"polars_namespace_expr_str","replace_many","expr_str_replace_many","",FALSE
"polars_namespace_expr_str","extract_groups","expr_str_extract_groups","",FALSE
"polars_namespace_expr_str","find","expr_str_find","",FALSE
"polars_namespace_expr_str","find_many","expr_str_find_many","",FALSE
"polars_namespace_expr_str","head","expr_str_head","",FALSE
"polars_namespace_expr_str","tail","expr_str_tail","",FALSE
"polars_namespace_expr_str","extract_many","expr_str_extract_many","",FALSE
"polars_namespace_expr_str","normalize","expr_str_normalize","",FALSE
"polars_namespace_expr_str","escape_regex","expr_str_escape_regex","",FALSE
"polars_namespace_expr_struct","field_by_index","expr_struct_field_by_index","",FALSE
"polars_namespace_expr_struct","field","expr_struct_field","",FALSE
"polars_namespace_expr_struct","rename_fields","expr_struct_rename_fields","",FALSE
"polars_namespace_expr_struct","drop","expr_struct_drop","",FALSE
"polars_namespace_expr_struct","json_encode","expr_struct_json_encode","",FALSE
"polars_namespace_expr_struct","with_fields","expr_struct_with_fields","",FALSE
"polars_namespace_expr_struct","unnest","expr_struct_unnest","",FALSE
"polars_selector","invert","selector__invert","",FALSE
"polars_selector","sub","selector__sub","polars_expr|polars_selector",TRUE
"polars_selector","or","selector__or","",FALSE
"polars_selector","and","selector__and","",FALSE
"polars_selector","xor","selector__xor","polars_expr|polars_selector",TRUE
"polars_selector","exclude","selector__exclude","",FALSE
"polars_selector","as_expr","selector__as_expr","polars_expr",TRUE
"polars_selector","add","expr__add","polars_expr",TRUE
"polars_selector","mul","expr__mul","polars_expr",TRUE
"polars_selector","true_div","expr__true_div","polars_expr",TRUE
"polars_selector","truediv","expr__truediv","polars_expr",TRUE
"polars_selector","pow","expr__pow","polars_expr",TRUE
"polars_selector","mod","expr__mod","polars_expr",TRUE
"polars_selector","floor_div","expr__floor_div","polars_expr",TRUE
"polars_selector","floordiv","expr__floordiv","polars_expr",TRUE
"polars_selector","neg","expr__neg","polars_expr",TRUE
"polars_selector","eq","expr__eq","polars_expr",TRUE
"polars_selector","eq_missing","expr__eq_missing","polars_expr",TRUE
"polars_selector","ne","expr__ne","polars_expr",TRUE
"polars_selector","ne_missing","expr__ne_missing","polars_expr",TRUE
"polars_selector","gt","expr__gt","polars_expr",TRUE
"polars_selector","ge","expr__ge","polars_expr",TRUE
"polars_selector","le","expr__le","polars_expr",TRUE
"polars_selector","lt","expr__lt","polars_expr",TRUE
"polars_selector","alias","expr__alias","polars_expr",TRUE
"polars_selector","not","expr__not","polars_expr",TRUE
"polars_selector","is_null","expr__is_null","polars_expr",TRUE
"polars_selector","is_not_null","expr__is_not_null","polars_expr",TRUE
"polars_selector","is_infinite","expr__is_infinite","polars_expr",TRUE
"polars_selector","is_finite","expr__is_finite","polars_expr",TRUE
"polars_selector","is_nan","expr__is_nan","polars_expr",TRUE
"polars_selector","is_not_nan","expr__is_not_nan","polars_expr",TRUE
"polars_selector","min","expr__min","polars_expr",TRUE
"polars_selector","max","expr__max","polars_expr",TRUE
"polars_selector","nan_max","expr__nan_max","polars_expr",TRUE
"polars_selector","nan_min","expr__nan_min","polars_expr",TRUE
"polars_selector","mean","expr__mean","polars_expr",TRUE
"polars_selector","median","expr__median","polars_expr",TRUE
"polars_selector","sum","expr__sum","polars_expr",TRUE
"polars_selector","cast","expr__cast","polars_expr",TRUE
"polars_selector","sort","expr__sort","polars_expr",TRUE
"polars_selector","arg_sort","expr__arg_sort","polars_expr",TRUE
"polars_selector","sort_by","expr__sort_by","polars_expr",TRUE
"polars_selector","reverse","expr__reverse","polars_expr",TRUE
"polars_selector","slice","expr__slice","polars_expr",TRUE
"polars_selector","head","expr__head","polars_expr",TRUE
"polars_selector","tail","expr__tail","polars_expr",TRUE
"polars_selector","first","expr__first","polars_expr",TRUE
"polars_selector","last","expr__last","polars_expr",TRUE
"polars_selector","over","expr__over","polars_expr",TRUE
"polars_selector","filter","expr__filter","polars_expr",TRUE
"polars_selector","map_batches","expr__map_batches","polars_expr",TRUE
"polars_selector","diff","expr__diff","polars_expr",TRUE
"polars_selector","dot","expr__dot","polars_expr",TRUE
"polars_selector","reshape","expr__reshape","polars_expr",TRUE
"polars_selector","any","expr__any","polars_expr",TRUE
"polars_selector","all","expr__all","polars_expr",TRUE
"polars_selector","cum_sum","expr__cum_sum","polars_expr",TRUE
"polars_selector","cum_prod","expr__cum_prod","polars_expr",TRUE
"polars_selector","cum_min","expr__cum_min","polars_expr",TRUE
"polars_selector","cum_max","expr__cum_max","polars_expr",TRUE
"polars_selector","cum_count","expr__cum_count","polars_expr",TRUE
"polars_selector","cumulative_eval","expr__cumulative_eval","polars_expr",TRUE
"polars_selector","arg_max","expr__arg_max","polars_expr",TRUE
"polars_selector","arg_min","expr__arg_min","polars_expr",TRUE
"polars_selector","arg_unique","expr__arg_unique","polars_expr",TRUE
"polars_selector","arg_true","expr__arg_true","polars_expr",TRUE
"polars_selector","count","expr__count","polars_expr",TRUE
"polars_selector","implode","expr__implode","polars_expr",TRUE
"polars_selector","len","expr__len","polars_expr",TRUE
"polars_selector","product","expr__product","polars_expr",TRUE
"polars_selector","quantile","expr__quantile","polars_expr",TRUE
"polars_selector","std","expr__std","polars_expr",TRUE
"polars_selector","var","expr__var","polars_expr",TRUE
"polars_selector","has_nulls","expr__has_nulls","",FALSE
"polars_selector","is_between","expr__is_between","polars_expr",TRUE
"polars_selector","is_duplicated","expr__is_duplicated","polars_expr",TRUE
"polars_selector","is_first_distinct","expr__is_first_distinct","polars_expr",TRUE
"polars_selector","is_last_distinct","expr__is_last_distinct","polars_expr",TRUE
"polars_selector","is_in","expr__is_in","polars_expr",TRUE
"polars_selector","is_unique","expr__is_unique","polars_expr",TRUE
"polars_selector","abs","expr__abs","polars_expr",TRUE
"polars_selector","approx_n_unique","expr__approx_n_unique","polars_expr",TRUE
"polars_selector","n_unique","expr__n_unique","polars_expr",TRUE
"polars_selector","sin","expr__sin","polars_expr",TRUE
"polars_selector","cos","expr__cos","polars_expr",TRUE
"polars_selector","cot","expr__cot","polars_expr",TRUE
"polars_selector","tan","expr__tan","polars_expr",TRUE
"polars_selector","arcsin","expr__arcsin","polars_expr",TRUE
"polars_selector","arccos","expr__arccos","polars_expr",TRUE
"polars_selector","arctan","expr__arctan","polars_expr",TRUE
"polars_selector","sinh","expr__sinh","polars_expr",TRUE
"polars_selector","cosh","expr__cosh","polars_expr",TRUE
"polars_selector","tanh","expr__tanh","polars_expr",TRUE
"polars_selector","arcsinh","expr__arcsinh","polars_expr",TRUE
"polars_selector","arccosh","expr__arccosh","polars_expr",TRUE
"polars_selector","arctanh","expr__arctanh","polars_expr",TRUE
"polars_selector","sqrt","expr__sqrt","polars_expr",TRUE
"polars_selector","cbrt","expr__cbrt","polars_expr",TRUE
"polars_selector","degrees","expr__degrees","polars_expr",TRUE
"polars_selector","radians","expr__radians","polars_expr",TRUE
"polars_selector","entropy","expr__entropy","polars_expr",TRUE
"polars_selector","exp","expr__exp","polars_expr",TRUE
"polars_selector","log","expr__log","polars_expr",TRUE
"polars_selector","log10","expr__log10","polars_expr",TRUE
"polars_selector","log1p","expr__log1p","polars_expr",TRUE
"polars_selector","hash","expr__hash","polars_expr",TRUE
"polars_selector","mode","expr__mode","polars_expr",TRUE
"polars_selector","null_count","expr__null_count","polars_expr",TRUE
"polars_selector","pct_change","expr__pct_change","polars_expr",TRUE
"polars_selector","peak_max","expr__peak_max","polars_expr",TRUE
"polars_selector","peak_min","expr__peak_min","polars_expr",TRUE
"polars_selector","rank","expr__rank","polars_expr",TRUE
"polars_selector","kurtosis","expr__kurtosis","polars_expr",TRUE
"polars_selector","skew","expr__skew","polars_expr",TRUE
"polars_selector","hist","expr__hist","polars_expr",TRUE
"polars_selector","value_counts","expr__value_counts","polars_expr",TRUE
"polars_selector","unique_counts","expr__unique_counts","polars_expr",TRUE
"polars_selector","unique","expr__unique","polars_expr",TRUE
"polars_selector","sign","expr__sign","polars_expr",TRUE
"polars_selector","search_sorted","expr__search_sorted","polars_expr",TRUE
"polars_selector","rolling_max","expr__rolling_max","polars_expr",TRUE
"polars_selector","rolling_min","expr__rolling_min","polars_expr",TRUE
"polars_selector","rolling_mean","expr__rolling_mean","polars_expr",TRUE
"polars_selector","rolling_median","expr__rolling_median","polars_expr",TRUE
"polars_selector","rolling_sum","expr__rolling_sum","polars_expr",TRUE
"polars_selector","rolling_quantile","expr__rolling_quantile","polars_expr",TRUE
"polars_selector","rolling_skew","expr__rolling_skew","polars_expr",TRUE
"polars_selector","rolling_std","expr__rolling_std","polars_expr",TRUE
"polars_selector","rolling_var","expr__rolling_var","polars_expr",TRUE
"polars_selector","rolling_rank","expr__rolling_rank","polars_expr",TRUE
"polars_selector","rolling_kurtosis","expr__rolling_kurtosis","polars_expr",TRUE
"polars_selector","rolling","expr__rolling","polars_expr",TRUE
"polars_selector","rolling_max_by","expr__rolling_max_by","polars_expr",TRUE
"polars_selector","rolling_min_by","expr__rolling_min_by","polars_expr",TRUE
"polars_selector","rolling_mean_by","expr__rolling_mean_by","polars_expr",TRUE
"polars_selector","rolling_median_by","expr__rolling_median_by","polars_expr",TRUE
"polars_selector","rolling_sum_by","expr__rolling_sum_by","polars_expr",TRUE
"polars_selector","rolling_quantile_by","expr__rolling_quantile_by","polars_expr",TRUE
"polars_selector","rolling_std_by","expr__rolling_std_by","polars_expr",TRUE
"polars_selector","rolling_var_by","expr__rolling_var_by","polars_expr",TRUE
"polars_selector","rolling_rank_by","expr__rolling_rank_by","polars_expr",TRUE
"polars_selector","ewm_var","expr__ewm_var","polars_expr",TRUE
"polars_selector","ewm_std","expr__ewm_std","polars_expr",TRUE
"polars_selector","ewm_mean","expr__ewm_mean","polars_expr",TRUE
"polars_selector","ewm_mean_by","expr__ewm_mean_by","polars_expr",TRUE
"polars_selector","append","expr__append","polars_expr",TRUE
"polars_selector","backward_fill","expr__backward_fill","polars_expr",TRUE
"polars_selector","forward_fill","expr__forward_fill","polars_expr",TRUE
"polars_selector","bottom_k","expr__bottom_k","polars_expr",TRUE
"polars_selector","top_k","expr__top_k","polars_expr",TRUE
"polars_selector","bottom_k_by","expr__bottom_k_by","polars_expr",TRUE
"polars_selector","top_k_by","expr__top_k_by","polars_expr",TRUE
"polars_selector","ceil","expr__ceil","polars_expr",TRUE
"polars_selector","floor","expr__floor","polars_expr",TRUE
"polars_selector","clip","expr__clip","polars_expr",TRUE
"polars_selector","drop_nans","expr__drop_nans","polars_expr",TRUE
"polars_selector","drop_nulls","expr__drop_nulls","polars_expr",TRUE
"polars_selector","explode","expr__explode","polars_expr",TRUE
"polars_selector","extend_constant","expr__extend_constant","polars_expr",TRUE
"polars_selector","fill_nan","expr__fill_nan","polars_expr",TRUE
"polars_selector","fill_null","expr__fill_null","polars_expr",TRUE
"polars_selector","gather","expr__gather","polars_expr",TRUE
"polars_selector","get","expr__get","polars_expr",TRUE
"polars_selector","gather_every","expr__gather_every","polars_expr",TRUE
"polars_selector","interpolate","expr__interpolate","polars_expr",TRUE
"polars_selector","interpolate_by","expr__interpolate_by","polars_expr",TRUE
"polars_selector","limit","expr__limit","polars_expr",TRUE
"polars_selector","lower_bound","expr__lower_bound","polars_expr",TRUE
"polars_selector","upper_bound","expr__upper_bound","polars_expr",TRUE
"polars_selector","cut","expr__cut","polars_expr",TRUE
"polars_selector","qcut","expr__qcut","polars_expr",TRUE
"polars_selector","bin_intervals","expr__bin_intervals","polars_expr",TRUE
"polars_selector","bin_quantiles","expr__bin_quantiles","polars_expr",TRUE
"polars_selector","bin_ranks","expr__bin_ranks","polars_expr",TRUE
"polars_selector","reinterpret","expr__reinterpret","polars_expr",TRUE
"polars_selector","repeat_by","expr__repeat_by","polars_expr",TRUE
"polars_selector","replace","expr__replace","polars_expr",TRUE
"polars_selector","replace_strict","expr__replace_strict","polars_expr",TRUE
"polars_selector","rle","expr__rle","polars_expr",TRUE
"polars_selector","rle_id","expr__rle_id","polars_expr",TRUE
"polars_selector","sample","expr__sample","polars_expr",TRUE
"polars_selector","round","expr__round","polars_expr",TRUE
"polars_selector","round_sig_figs","expr__round_sig_figs","polars_expr",TRUE
"polars_selector","truncate","expr__truncate","polars_expr",TRUE
"polars_selector","shift","expr__shift","polars_expr",TRUE
"polars_selector","shuffle","expr__shuffle","polars_expr",TRUE
"polars_selector","set_sorted","expr__set_sorted","polars_expr",TRUE
"polars_selector","to_physical","expr__to_physical","polars_expr",TRUE
"polars_selector","bitwise_count_ones","expr__bitwise_count_ones","polars_expr",TRUE
"polars_selector","bitwise_count_zeros","expr__bitwise_count_zeros","polars_expr",TRUE
"polars_selector","bitwise_leading_ones","expr__bitwise_leading_ones","polars_expr",TRUE
"polars_selector","bitwise_leading_zeros","expr__bitwise_leading_zeros","polars_expr",TRUE
"polars_selector","bitwise_trailing_ones","expr__bitwise_trailing_ones","polars_expr",TRUE
"polars_selector","bitwise_trailing_zeros","expr__bitwise_trailing_zeros","polars_expr",TRUE
"polars_selector","bitwise_and","expr__bitwise_and","polars_expr",TRUE
"polars_selector","bitwise_or","expr__bitwise_or","polars_expr",TRUE
"polars_selector","bitwise_xor","expr__bitwise_xor","polars_expr",TRUE
"polars_selector","index_of","expr__index_of","polars_expr",TRUE
"polars_selector","is_close","expr__is_close","polars_expr",TRUE
"polars_selector","item","expr__item","polars_expr",TRUE
"polars_selector","max_by","expr__max_by","polars_expr",TRUE
"polars_selector","min_by","expr__min_by","polars_expr",TRUE
"polars_then","when","then__when","polars_chained_when",TRUE
"polars_then","otherwise","then__otherwise","polars_expr",TRUE
"polars_then","add","expr__add","",FALSE
"polars_then","sub","expr__sub","",FALSE
"polars_then","mul","expr__mul","",FALSE
"polars_then","true_div","expr__true_div","",FALSE
"polars_then","truediv","expr__truediv","",FALSE
"polars_then","pow","expr__pow","",FALSE
"polars_then","mod","expr__mod","",FALSE
"polars_then","floor_div","expr__floor_div","",FALSE
"polars_then","floordiv","expr__floordiv","",FALSE
"polars_then","neg","expr__neg","",FALSE
"polars_then","eq","expr__eq","",FALSE
"polars_then","eq_missing","expr__eq_missing","",FALSE
"polars_then","ne","expr__ne","",FALSE
"polars_then","ne_missing","expr__ne_missing","",FALSE
"polars_then","gt","expr__gt","",FALSE
"polars_then","ge","expr__ge","",FALSE
"polars_then","le","expr__le","",FALSE
"polars_then","lt","expr__lt","",FALSE
"polars_then","alias","expr__alias","",FALSE
"polars_then","exclude","expr__exclude","",FALSE
"polars_then","not","expr__not","",FALSE
"polars_then","invert","expr__invert","",FALSE
"polars_then","is_null","expr__is_null","",FALSE
"polars_then","is_not_null","expr__is_not_null","",FALSE
"polars_then","is_infinite","expr__is_infinite","",FALSE
"polars_then","is_finite","expr__is_finite","",FALSE
"polars_then","is_nan","expr__is_nan","",FALSE
"polars_then","is_not_nan","expr__is_not_nan","",FALSE
"polars_then","min","expr__min","",FALSE
"polars_then","max","expr__max","",FALSE
"polars_then","nan_max","expr__nan_max","",FALSE
"polars_then","nan_min","expr__nan_min","",FALSE
"polars_then","mean","expr__mean","",FALSE
"polars_then","median","expr__median","",FALSE
"polars_then","sum","expr__sum","",FALSE
"polars_then","cast","expr__cast","",FALSE
"polars_then","sort","expr__sort","",FALSE
"polars_then","arg_sort","expr__arg_sort","",FALSE
"polars_then","sort_by","expr__sort_by","",FALSE
"polars_then","reverse","expr__reverse","",FALSE
"polars_then","slice","expr__slice","",FALSE
"polars_then","head","expr__head","",FALSE
"polars_then","tail","expr__tail","",FALSE
"polars_then","first","expr__first","",FALSE
"polars_then","last","expr__last","",FALSE
"polars_then","over","expr__over","",FALSE
"polars_then","filter","expr__filter","",FALSE
"polars_then","map_batches","expr__map_batches","",FALSE
"polars_then","and","expr__and","",FALSE
"polars_then","or","expr__or","",FALSE
"polars_then","xor","expr__xor","",FALSE
"polars_then","diff","expr__diff","",FALSE
"polars_then","dot","expr__dot","",FALSE
"polars_then","reshape","expr__reshape","",FALSE
"polars_then","any","expr__any","",FALSE
"polars_then","all","expr__all","",FALSE
"polars_then","cum_sum","expr__cum_sum","",FALSE
"polars_then","cum_prod","expr__cum_prod","",FALSE
"polars_then","cum_min","expr__cum_min","",FALSE
"polars_then","cum_max","expr__cum_max","",FALSE
"polars_then","cum_count","expr__cum_count","",FALSE
"polars_then","cumulative_eval","expr__cumulative_eval","",FALSE
"polars_then","arg_max","expr__arg_max","",FALSE
"polars_then","arg_min","expr__arg_min","",FALSE
"polars_then","arg_unique","expr__arg_unique","",FALSE
"polars_then","arg_true","expr__arg_true","polars_expr",TRUE
"polars_then","count","expr__count","",FALSE
"polars_then","implode","expr__implode","",FALSE
"polars_then","len","expr__len","",FALSE
"polars_then","product","expr__product","",FALSE
"polars_then","quantile","expr__quantile","",FALSE
"polars_then","std","expr__std","",FALSE
"polars_then","var","expr__var","",FALSE
"polars_then","has_nulls","expr__has_nulls","",FALSE
"polars_then","is_between","expr__is_between","",FALSE
"polars_then","is_duplicated","expr__is_duplicated","",FALSE
"polars_then","is_first_distinct","expr__is_first_distinct","",FALSE
"polars_then","is_last_distinct","expr__is_last_distinct","",FALSE
"polars_then","is_in","expr__is_in","",FALSE
"polars_then","is_unique","expr__is_unique","",FALSE
"polars_then","abs","expr__abs","",FALSE
"polars_then","approx_n_unique","expr__approx_n_unique","",FALSE
"polars_then","n_unique","expr__n_unique","",FALSE
"polars_then","sin","expr__sin","",FALSE
"polars_then","cos","expr__cos","",FALSE
"polars_then","cot","expr__cot","",FALSE
"polars_then","tan","expr__tan","",FALSE
"polars_then","arcsin","expr__arcsin","",FALSE
"polars_then","arccos","expr__arccos","",FALSE
"polars_then","arctan","expr__arctan","",FALSE
"polars_then","sinh","expr__sinh","",FALSE
"polars_then","cosh","expr__cosh","",FALSE
"polars_then","tanh","expr__tanh","",FALSE
"polars_then","arcsinh","expr__arcsinh","",FALSE
"polars_then","arccosh","expr__arccosh","",FALSE
"polars_then","arctanh","expr__arctanh","",FALSE
"polars_then","sqrt","expr__sqrt","",FALSE
"polars_then","cbrt","expr__cbrt","",FALSE
"polars_then","degrees","expr__degrees","",FALSE
"polars_then","radians","expr__radians","",FALSE
"polars_then","entropy","expr__entropy","",FALSE
"polars_then","exp","expr__exp","",FALSE
"polars_then","log","expr__log","",FALSE
"polars_then","log10","expr__log10","",FALSE
"polars_then","log1p","expr__log1p","",FALSE
"polars_then","hash","expr__hash","",FALSE
"polars_then","mode","expr__mode","",FALSE
"polars_then","null_count","expr__null_count","",FALSE
"polars_then","pct_change","expr__pct_change","",FALSE
"polars_then","peak_max","expr__peak_max","",FALSE
"polars_then","peak_min","expr__peak_min","",FALSE
"polars_then","rank","expr__rank","",FALSE
"polars_then","kurtosis","expr__kurtosis","",FALSE
"polars_then","skew","expr__skew","",FALSE
"polars_then","hist","expr__hist","",FALSE
"polars_then","value_counts","expr__value_counts","",FALSE
"polars_then","unique_counts","expr__unique_counts","",FALSE
"polars_then","unique","expr__unique","",FALSE
"polars_then","sign","expr__sign","",FALSE
"polars_then","search_sorted","expr__search_sorted","",FALSE
"polars_then","rolling_max","expr__rolling_max","",FALSE
"polars_then","rolling_min","expr__rolling_min","",FALSE
"polars_then","rolling_mean","expr__rolling_mean","",FALSE
"polars_then","rolling_median","expr__rolling_median","",FALSE
"polars_then","rolling_sum","expr__rolling_sum","",FALSE
"polars_then","rolling_quantile","expr__rolling_quantile","",FALSE
"polars_then","rolling_skew","expr__rolling_skew","",FALSE
"polars_then","rolling_std","expr__rolling_std","",FALSE
"polars_then","rolling_var","expr__rolling_var","",FALSE
"polars_then","rolling_rank","expr__rolling_rank","",FALSE
"polars_then","rolling_kurtosis","expr__rolling_kurtosis","",FALSE
"polars_then","rolling","expr__rolling","",FALSE
"polars_then","rolling_max_by","expr__rolling_max_by","",FALSE
"polars_then","rolling_min_by","expr__rolling_min_by","",FALSE
"polars_then","rolling_mean_by","expr__rolling_mean_by","",FALSE
"polars_then","rolling_median_by","expr__rolling_median_by","",FALSE
"polars_then","rolling_sum_by","expr__rolling_sum_by","",FALSE
"polars_then","rolling_quantile_by","expr__rolling_quantile_by","",FALSE
"polars_then","rolling_std_by","expr__rolling_std_by","",FALSE
"polars_then","rolling_var_by","expr__rolling_var_by","",FALSE
"polars_then","rolling_rank_by","expr__rolling_rank_by","",FALSE
"polars_then","ewm_var","expr__ewm_var","",FALSE
"polars_then","ewm_std","expr__ewm_std","",FALSE
"polars_then","ewm_mean","expr__ewm_mean","",FALSE
"polars_then","ewm_mean_by","expr__ewm_mean_by","",FALSE
"polars_then","append","expr__append","",FALSE
"polars_then","backward_fill","expr__backward_fill","",FALSE
"polars_then","forward_fill","expr__forward_fill","",FALSE
"polars_then","bottom_k","expr__bottom_k","",FALSE
"polars_then","top_k","expr__top_k","",FALSE
"polars_then","bottom_k_by","expr__bottom_k_by","",FALSE
"polars_then","top_k_by","expr__top_k_by","",FALSE
"polars_then","ceil","expr__ceil","",FALSE
"polars_then","floor","expr__floor","",FALSE
"polars_then","clip","expr__clip","",FALSE
"polars_then","drop_nans","expr__drop_nans","",FALSE
"polars_then","drop_nulls","expr__drop_nulls","",FALSE
"polars_then","explode","expr__explode","",FALSE
"polars_then","extend_constant","expr__extend_constant","",FALSE
"polars_then","fill_nan","expr__fill_nan","",FALSE
"polars_then","fill_null","expr__fill_null","",FALSE
"polars_then","gather","expr__gather","",FALSE
"polars_then","get","expr__get","",FALSE
"polars_then","gather_every","expr__gather_every","",FALSE
"polars_then","interpolate","expr__interpolate","",FALSE
"polars_then","interpolate_by","expr__interpolate_by","",FALSE
"polars_then","limit","expr__limit","",FALSE
"polars_then","lower_bound","expr__lower_bound","",FALSE
"polars_then","upper_bound","expr__upper_bound","",FALSE
"polars_then","cut","expr__cut","",FALSE
"polars_then","qcut","expr__qcut","",FALSE
"polars_then","bin_intervals","expr__bin_intervals","",FALSE
"polars_then","bin_quantiles","expr__bin_quantiles","",FALSE
"polars_then","bin_ranks","expr__bin_ranks","",FALSE
"polars_then","reinterpret","expr__reinterpret","",FALSE
"polars_then","repeat_by","expr__repeat_by","",FALSE
"polars_then","replace","expr__replace","",FALSE
"polars_then","replace_strict","expr__replace_strict","",FALSE
"polars_then","rle","expr__rle","",FALSE
"polars_then","rle_id","expr__rle_id","",FALSE
"polars_then","sample","expr__sample","",FALSE
"polars_then","round","expr__round","",FALSE
"polars_then","round_sig_figs","expr__round_sig_figs","",FALSE
"polars_then","truncate","expr__truncate","",FALSE
"polars_then","shift","expr__shift","",FALSE
"polars_then","shuffle","expr__shuffle","",FALSE
"polars_then","set_sorted","expr__set_sorted","",FALSE
"polars_then","to_physical","expr__to_physical","",FALSE
"polars_then","bitwise_count_ones","expr__bitwise_count_ones","",FALSE
"polars_then","bitwise_count_zeros","expr__bitwise_count_zeros","",FALSE
"polars_then","bitwise_leading_ones","expr__bitwise_leading_ones","",FALSE
"polars_then","bitwise_leading_zeros","expr__bitwise_leading_zeros","",FALSE
"polars_then","bitwise_trailing_ones","expr__bitwise_trailing_ones","",FALSE
"polars_then","bitwise_trailing_zeros","expr__bitwise_trailing_zeros","",FALSE
"polars_then","bitwise_and","expr__bitwise_and","",FALSE
"polars_then","bitwise_or","expr__bitwise_or","",FALSE
"polars_then","bitwise_xor","expr__bitwise_xor","",FALSE
"polars_then","index_of","expr__index_of","",FALSE
"polars_then","is_close","expr__is_close","",FALSE
"polars_then","item","expr__item","",FALSE
"polars_then","max_by","expr__max_by","",FALSE
"polars_then","min_by","expr__min_by","",FALSE
"polars_chained_then","when","chainedthen__when","polars_chained_when",TRUE
"polars_chained_then","otherwise","chainedthen__otherwise","polars_expr",TRUE
"polars_chained_then","add","expr__add","",FALSE
"polars_chained_then","sub","expr__sub","",FALSE
"polars_chained_then","mul","expr__mul","",FALSE
"polars_chained_then","true_div","expr__true_div","",FALSE
"polars_chained_then","truediv","expr__truediv","",FALSE
"polars_chained_then","pow","expr__pow","",FALSE
"polars_chained_then","mod","expr__mod","",FALSE
"polars_chained_then","floor_div","expr__floor_div","",FALSE
"polars_chained_then","floordiv","expr__floordiv","",FALSE
"polars_chained_then","neg","expr__neg","",FALSE
"polars_chained_then","eq","expr__eq","",FALSE
"polars_chained_then","eq_missing","expr__eq_missing","",FALSE
"polars_chained_then","ne","expr__ne","",FALSE
"polars_chained_then","ne_missing","expr__ne_missing","",FALSE
"polars_chained_then","gt","expr__gt","",FALSE
"polars_chained_then","ge","expr__ge","",FALSE
"polars_chained_then","le","expr__le","",FALSE
"polars_chained_then","lt","expr__lt","",FALSE
"polars_chained_then","alias","expr__alias","",FALSE
"polars_chained_then","exclude","expr__exclude","",FALSE
"polars_chained_then","not","expr__not","",FALSE
"polars_chained_then","invert","expr__invert","",FALSE
"polars_chained_then","is_null","expr__is_null","",FALSE
"polars_chained_then","is_not_null","expr__is_not_null","",FALSE
"polars_chained_then","is_infinite","expr__is_infinite","",FALSE
"polars_chained_then","is_finite","expr__is_finite","",FALSE
"polars_chained_then","is_nan","expr__is_nan","",FALSE
"polars_chained_then","is_not_nan","expr__is_not_nan","",FALSE
"polars_chained_then","min","expr__min","",FALSE
"polars_chained_then","max","expr__max","",FALSE
"polars_chained_then","nan_max","expr__nan_max","",FALSE
"polars_chained_then","nan_min","expr__nan_min","",FALSE
"polars_chained_then","mean","expr__mean","",FALSE
"polars_chained_then","median","expr__median","",FALSE
"polars_chained_then","sum","expr__sum","",FALSE
"polars_chained_then","cast","expr__cast","",FALSE
"polars_chained_then","sort","expr__sort","",FALSE
"polars_chained_then","arg_sort","expr__arg_sort","",FALSE
"polars_chained_then","sort_by","expr__sort_by","",FALSE
"polars_chained_then","reverse","expr__reverse","",FALSE
"polars_chained_then","slice","expr__slice","",FALSE
"polars_chained_then","head","expr__head","",FALSE
"polars_chained_then","tail","expr__tail","",FALSE
"polars_chained_then","first","expr__first","",FALSE
"polars_chained_then","last","expr__last","",FALSE
"polars_chained_then","over","expr__over","",FALSE
"polars_chained_then","filter","expr__filter","",FALSE
"polars_chained_then","map_batches","expr__map_batches","",FALSE
"polars_chained_then","and","expr__and","",FALSE
"polars_chained_then","or","expr__or","",FALSE
"polars_chained_then","xor","expr__xor","",FALSE
"polars_chained_then","diff","expr__diff","",FALSE
"polars_chained_then","dot","expr__dot","",FALSE
"polars_chained_then","reshape","expr__reshape","",FALSE
"polars_chained_then","any","expr__any","",FALSE
"polars_chained_then","all","expr__all","",FALSE
"polars_chained_then","cum_sum","expr__cum_sum","",FALSE
"polars_chained_then","cum_prod","expr__cum_prod","",FALSE
"polars_chained_then","cum_min","expr__cum_min","",FALSE
"polars_chained_then","cum_max","expr__cum_max","",FALSE
"polars_chained_then","cum_count","expr__cum_count","",FALSE
"polars_chained_then","cumulative_eval","expr__cumulative_eval","",FALSE
"polars_chained_then","arg_max","expr__arg_max","",FALSE
"polars_chained_then","arg_min","expr__arg_min","",FALSE
"polars_chained_then","arg_unique","expr__arg_unique","",FALSE
"polars_chained_then","arg_true","expr__arg_true","polars_expr",TRUE
"polars_chained_then","count","expr__count","",FALSE
"polars_chained_then","implode","expr__implode","",FALSE
"polars_chained_then","len","expr__len","",FALSE
"polars_chained_then","product","expr__product","",FALSE
"polars_chained_then","quantile","expr__quantile","",FALSE
"polars_chained_then","std","expr__std","",FALSE
"polars_chained_then","var","expr__var","",FALSE
"polars_chained_then","has_nulls","expr__has_nulls","",FALSE
"polars_chained_then","is_between","expr__is_between","",FALSE
"polars_chained_then","is_duplicated","expr__is_duplicated","",FALSE
"polars_chained_then","is_first_distinct","expr__is_first_distinct","",FALSE
"polars_chained_then","is_last_distinct","expr__is_last_distinct","",FALSE
"polars_chained_then","is_in","expr__is_in","",FALSE
"polars_chained_then","is_unique","expr__is_unique","",FALSE
"polars_chained_then","abs","expr__abs","",FALSE
"polars_chained_then","approx_n_unique","expr__approx_n_unique","",FALSE
"polars_chained_then","n_unique","expr__n_unique","",FALSE
"polars_chained_then","sin","expr__sin","",FALSE
"polars_chained_then","cos","expr__cos","",FALSE
"polars_chained_then","cot","expr__cot","",FALSE
"polars_chained_then","tan","expr__tan","",FALSE
"polars_chained_then","arcsin","expr__arcsin","",FALSE
"polars_chained_then","arccos","expr__arccos","",FALSE
"polars_chained_then","arctan","expr__arctan","",FALSE
"polars_chained_then","sinh","expr__sinh","",FALSE
"polars_chained_then","cosh","expr__cosh","",FALSE
"polars_chained_then","tanh","expr__tanh","",FALSE
"polars_chained_then","arcsinh","expr__arcsinh","",FALSE
"polars_chained_then","arccosh","expr__arccosh","",FALSE
"polars_chained_then","arctanh","expr__arctanh","",FALSE
"polars_chained_then","sqrt","expr__sqrt","",FALSE
"polars_chained_then","cbrt","expr__cbrt","",FALSE
"polars_chained_then","degrees","expr__degrees","",FALSE
"polars_chained_then","radians","expr__radians","",FALSE
"polars_chained_then","entropy","expr__entropy","",FALSE
"polars_chained_then","exp","expr__exp","",FALSE
"polars_chained_then","log","expr__log","",FALSE
"polars_chained_then","log10","expr__log10","",FALSE
"polars_chained_then","log1p","expr__log1p","",FALSE
"polars_chained_then","hash","expr__hash","",FALSE
"polars_chained_then","mode","expr__mode","",FALSE
"polars_chained_then","null_count","expr__null_count","",FALSE
"polars_chained_then","pct_change","expr__pct_change","",FALSE
"polars_chained_then","peak_max","expr__peak_max","",FALSE
"polars_chained_then","peak_min","expr__peak_min","",FALSE
"polars_chained_then","rank","expr__rank","",FALSE
"polars_chained_then","kurtosis","expr__kurtosis","",FALSE
"polars_chained_then","skew","expr__skew","",FALSE
"polars_chained_then","hist","expr__hist","",FALSE
"polars_chained_then","value_counts","expr__value_counts","",FALSE
"polars_chained_then","unique_counts","expr__unique_counts","",FALSE
"polars_chained_then","unique","expr__unique","",FALSE
"polars_chained_then","sign","expr__sign","",FALSE
"polars_chained_then","search_sorted","expr__search_sorted","",FALSE
"polars_chained_then","rolling_max","expr__rolling_max","",FALSE
"polars_chained_then","rolling_min","expr__rolling_min","",FALSE
"polars_chained_then","rolling_mean","expr__rolling_mean","",FALSE
"polars_chained_then","rolling_median","expr__rolling_median","",FALSE
"polars_chained_then","rolling_sum","expr__rolling_sum","",FALSE
"polars_chained_then","rolling_quantile","expr__rolling_quantile","",FALSE
"polars_chained_then","rolling_skew","expr__rolling_skew","",FALSE
"polars_chained_then","rolling_std","expr__rolling_std","",FALSE
"polars_chained_then","rolling_var","expr__rolling_var","",FALSE
"polars_chained_then","rolling_rank","expr__rolling_rank","",FALSE
"polars_chained_then","rolling_kurtosis","expr__rolling_kurtosis","",FALSE
"polars_chained_then","rolling","expr__rolling","",FALSE
"polars_chained_then","rolling_max_by","expr__rolling_max_by","",FALSE
"polars_chained_then","rolling_min_by","expr__rolling_min_by","",FALSE
"polars_chained_then","rolling_mean_by","expr__rolling_mean_by","",FALSE
"polars_chained_then","rolling_median_by","expr__rolling_median_by","",FALSE
"polars_chained_then","rolling_sum_by","expr__rolling_sum_by","",FALSE
"polars_chained_then","rolling_quantile_by","expr__rolling_quantile_by","",FALSE
"polars_chained_then","rolling_std_by","expr__rolling_std_by","",FALSE
"polars_chained_then","rolling_var_by","expr__rolling_var_by","",FALSE
"polars_chained_then","rolling_rank_by","expr__rolling_rank_by","",FALSE
"polars_chained_then","ewm_var","expr__ewm_var","",FALSE
"polars_chained_then","ewm_std","expr__ewm_std","",FALSE
"polars_chained_then","ewm_mean","expr__ewm_mean","",FALSE
"polars_chained_then","ewm_mean_by","expr__ewm_mean_by","",FALSE
"polars_chained_then","append","expr__append","",FALSE
"polars_chained_then","backward_fill","expr__backward_fill","",FALSE
"polars_chained_then","forward_fill","expr__forward_fill","",FALSE
"polars_chained_then","bottom_k","expr__bottom_k","",FALSE
"polars_chained_then","top_k","expr__top_k","",FALSE
"polars_chained_then","bottom_k_by","expr__bottom_k_by","",FALSE
"polars_chained_then","top_k_by","expr__top_k_by","",FALSE
"polars_chained_then","ceil","expr__ceil","",FALSE
"polars_chained_then","floor","expr__floor","",FALSE
"polars_chained_then","clip","expr__clip","",FALSE
"polars_chained_then","drop_nans","expr__drop_nans","",FALSE
"polars_chained_then","drop_nulls","expr__drop_nulls","",FALSE
"polars_chained_then","explode","expr__explode","",FALSE
"polars_chained_then","extend_constant","expr__extend_constant","",FALSE
"polars_chained_then","fill_nan","expr__fill_nan","",FALSE
"polars_chained_then","fill_null","expr__fill_null","",FALSE
"polars_chained_then","gather","expr__gather","",FALSE
"polars_chained_then","get","expr__get","",FALSE
"polars_chained_then","gather_every","expr__gather_every","",FALSE
"polars_chained_then","interpolate","expr__interpolate","",FALSE
"polars_chained_then","interpolate_by","expr__interpolate_by","",FALSE
"polars_chained_then","limit","expr__limit","",FALSE
"polars_chained_then","lower_bound","expr__lower_bound","",FALSE
"polars_chained_then","upper_bound","expr__upper_bound","",FALSE
"polars_chained_then","cut","expr__cut","",FALSE
"polars_chained_then","qcut","expr__qcut","",FALSE
"polars_chained_then","bin_intervals","expr__bin_intervals","",FALSE
"polars_chained_then","bin_quantiles","expr__bin_quantiles","",FALSE
"polars_chained_then","bin_ranks","expr__bin_ranks","",FALSE
"polars_chained_then","reinterpret","expr__reinterpret","",FALSE
"polars_chained_then","repeat_by","expr__repeat_by","",FALSE
"polars_chained_then","replace","expr__replace","",FALSE
"polars_chained_then","replace_strict","expr__replace_strict","",FALSE
"polars_chained_then","rle","expr__rle","",FALSE
"polars_chained_then","rle_id","expr__rle_id","",FALSE
"polars_chained_then","sample","expr__sample","",FALSE
"polars_chained_then","round","expr__round","",FALSE
"polars_chained_then","round_sig_figs","expr__round_sig_figs","",FALSE
"polars_chained_then","truncate","expr__truncate","",FALSE
"polars_chained_then","shift","expr__shift","",FALSE
"polars_chained_then","shuffle","expr__shuffle","",FALSE
"polars_chained_then","set_sorted","expr__set_sorted","",FALSE
"polars_chained_then","to_physical","expr__to_physical","",FALSE
"polars_chained_then","bitwise_count_ones","expr__bitwise_count_ones","",FALSE
"polars_chained_then","bitwise_count_zeros","expr__bitwise_count_zeros","",FALSE
"polars_chained_then","bitwise_leading_ones","expr__bitwise_leading_ones","",FALSE
"polars_chained_then","bitwise_leading_zeros","expr__bitwise_leading_zeros","",FALSE
"polars_chained_then","bitwise_trailing_ones","expr__bitwise_trailing_ones","",FALSE
"polars_chained_then","bitwise_trailing_zeros","expr__bitwise_trailing_zeros","",FALSE
"polars_chained_then","bitwise_and","expr__bitwise_and","",FALSE
"polars_chained_then","bitwise_or","expr__bitwise_or","",FALSE
"polars_chained_then","bitwise_xor","expr__bitwise_xor","",FALSE
"polars_chained_then","index_of","expr__index_of","",FALSE
"polars_chained_then","is_close","expr__is_close","",FALSE
"polars_chained_then","item","expr__item","",FALSE
"polars_chained_then","max_by","expr__max_by","",FALSE
"polars_chained_then","min_by","expr__min_by","",FALSE
"polars_namespace_series_arr","sum","expr_arr_sum","",FALSE
"polars_namespace_series_arr","max","expr_arr_max","",FALSE
"polars_namespace_series_arr","min","expr_arr_min","",FALSE
"polars_namespace_series_arr","median","expr_arr_median","",FALSE
"polars_namespace_series_arr","std","expr_arr_std","",FALSE
"polars_namespace_series_arr","var","expr_arr_var","",FALSE
"polars_namespace_series_arr","sort","expr_arr_sort","",FALSE
"polars_namespace_series_arr","dot","expr_arr_dot","",FALSE
"polars_namespace_series_arr","reverse","expr_arr_reverse","",FALSE
"polars_namespace_series_arr","unique","expr_arr_unique","",FALSE
"polars_namespace_series_arr","get","expr_arr_get","",FALSE
"polars_namespace_series_arr","contains","expr_arr_contains","",FALSE
"polars_namespace_series_arr","join","expr_arr_join","",FALSE
"polars_namespace_series_arr","arg_min","expr_arr_arg_min","",FALSE
"polars_namespace_series_arr","arg_max","expr_arr_arg_max","",FALSE
"polars_namespace_series_arr","all","expr_arr_all","",FALSE
"polars_namespace_series_arr","any","expr_arr_any","",FALSE
"polars_namespace_series_arr","shift","expr_arr_shift","",FALSE
"polars_namespace_series_arr","to_list","expr_arr_to_list","",FALSE
"polars_namespace_series_arr","to_struct","expr_arr_to_struct","",FALSE
"polars_namespace_series_arr","count_matches","expr_arr_count_matches","",FALSE
"polars_namespace_series_arr","first","expr_arr_first","",FALSE
"polars_namespace_series_arr","last","expr_arr_last","",FALSE
"polars_namespace_series_arr","n_unique","expr_arr_n_unique","",FALSE
"polars_namespace_series_arr","len","expr_arr_len","",FALSE
"polars_namespace_series_arr","eval","expr_arr_eval","",FALSE
"polars_namespace_series_arr","agg","expr_arr_agg","",FALSE
"polars_namespace_series_arr","explode","expr_arr_explode","",FALSE
"polars_namespace_series_bin","contains","expr_bin_contains","",FALSE
"polars_namespace_series_bin","ends_with","expr_bin_ends_with","",FALSE
"polars_namespace_series_bin","starts_with","expr_bin_starts_with","",FALSE
"polars_namespace_series_bin","decode","expr_bin_decode","",FALSE
"polars_namespace_series_bin","encode","expr_bin_encode","",FALSE
"polars_namespace_series_bin","size","expr_bin_size","",FALSE
"polars_namespace_series_bin","reinterpret","expr_bin_reinterpret","",FALSE
"polars_namespace_series_bin","get","expr_bin_get","",FALSE
"polars_namespace_series_cat","to","expr_cat_to","",FALSE
"polars_namespace_series_cat","physical","expr_cat_physical","",FALSE
"polars_namespace_series_dt","convert_time_zone","expr_dt_convert_time_zone","",FALSE
"polars_namespace_series_dt","replace_time_zone","expr_dt_replace_time_zone","",FALSE
"polars_namespace_series_dt","truncate","expr_dt_truncate","",FALSE
"polars_namespace_series_dt","round","expr_dt_round","",FALSE
"polars_namespace_series_dt","combine","expr_dt_combine","",FALSE
"polars_namespace_series_dt","to_string","expr_dt_to_string","",FALSE
"polars_namespace_series_dt","strftime","expr_dt_strftime","",FALSE
"polars_namespace_series_dt","millennium","expr_dt_millennium","",FALSE
"polars_namespace_series_dt","year","expr_dt_year","",FALSE
"polars_namespace_series_dt","iso_year","expr_dt_iso_year","",FALSE
"polars_namespace_series_dt","quarter","expr_dt_quarter","",FALSE
"polars_namespace_series_dt","month","expr_dt_month","",FALSE
"polars_namespace_series_dt","week","expr_dt_week","",FALSE
"polars_namespace_series_dt","weekday","expr_dt_weekday","",FALSE
"polars_namespace_series_dt","day","expr_dt_day","",FALSE
"polars_namespace_series_dt","ordinal_day","expr_dt_ordinal_day","",FALSE
"polars_namespace_series_dt","hour","expr_dt_hour","",FALSE
"polars_namespace_series_dt","minute","expr_dt_minute","",FALSE
"polars_namespace_series_dt","second","expr_dt_second","",FALSE
"polars_namespace_series_dt","millisecond","expr_dt_millisecond","",FALSE
"polars_namespace_series_dt","microsecond","expr_dt_microsecond","",FALSE
"polars_namespace_series_dt","nanosecond","expr_dt_nanosecond","",FALSE
"polars_namespace_series_dt","epoch","expr_dt_epoch","",FALSE
"polars_namespace_series_dt","timestamp","expr_dt_timestamp","",FALSE
"polars_namespace_series_dt","cast_time_unit","expr_dt_cast_time_unit","",FALSE
"polars_namespace_series_dt","total_days","expr_dt_total_days","",FALSE
"polars_namespace_series_dt","total_hours","expr_dt_total_hours","",FALSE
"polars_namespace_series_dt","total_minutes","expr_dt_total_minutes","",FALSE
"polars_namespace_series_dt","total_seconds","expr_dt_total_seconds","",FALSE
"polars_namespace_series_dt","total_milliseconds","expr_dt_total_milliseconds","",FALSE
"polars_namespace_series_dt","total_microseconds","expr_dt_total_microseconds","",FALSE
"polars_namespace_series_dt","total_nanoseconds","expr_dt_total_nanoseconds","",FALSE
"polars_namespace_series_dt","offset_by","expr_dt_offset_by","",FALSE
"polars_namespace_series_dt","time","expr_dt_time","",FALSE
"polars_namespace_series_dt","is_leap_year","expr_dt_is_leap_year","",FALSE
"polars_namespace_series_dt","dst_offset","expr_dt_dst_offset","",FALSE
"polars_namespace_series_dt","base_utc_offset","expr_dt_base_utc_offset","",FALSE
"polars_namespace_series_dt","month_start","expr_dt_month_start","",FALSE
"polars_namespace_series_dt","month_end","expr_dt_month_end","",FALSE
"polars_namespace_series_dt","century","expr_dt_century","",FALSE
"polars_namespace_series_dt","date","expr_dt_date","",FALSE
"polars_namespace_series_dt","add_business_days","expr_dt_add_business_days","",FALSE
"polars_namespace_series_dt","replace","expr_dt_replace","",FALSE
"polars_namespace_series_dt","days_in_month","expr_dt_days_in_month","",FALSE
"polars_namespace_series_list","to_struct","series_list_to_struct","",FALSE
"polars_namespace_series_list","len","expr_list_len","",FALSE
"polars_namespace_series_list","sum","expr_list_sum","",FALSE
"polars_namespace_series_list","max","expr_list_max","",FALSE
"polars_namespace_series_list","min","expr_list_min","",FALSE
"polars_namespace_series_list","mean","expr_list_mean","",FALSE
"polars_namespace_series_list","sort","expr_list_sort","",FALSE
"polars_namespace_series_list","reverse","expr_list_reverse","",FALSE
"polars_namespace_series_list","unique","expr_list_unique","",FALSE
"polars_namespace_series_list","n_unique","expr_list_n_unique","",FALSE
"polars_namespace_series_list","concat","expr_list_concat","polars_expr",TRUE
"polars_namespace_series_list","get","expr_list_get","",FALSE
"polars_namespace_series_list","gather","expr_list_gather","",FALSE
"polars_namespace_series_list","gather_every","expr_list_gather_every","",FALSE
"polars_namespace_series_list","first","expr_list_first","",FALSE
"polars_namespace_series_list","last","expr_list_last","",FALSE
"polars_namespace_series_list","contains","expr_list_contains","",FALSE
"polars_namespace_series_list","join","expr_list_join","",FALSE
"polars_namespace_series_list","arg_min","expr_list_arg_min","",FALSE
"polars_namespace_series_list","arg_max","expr_list_arg_max","",FALSE
"polars_namespace_series_list","diff","expr_list_diff","",FALSE
"polars_namespace_series_list","shift","expr_list_shift","",FALSE
"polars_namespace_series_list","slice","expr_list_slice","",FALSE
"polars_namespace_series_list","head","expr_list_head","",FALSE
"polars_namespace_series_list","tail","expr_list_tail","",FALSE
"polars_namespace_series_list","eval","expr_list_eval","",FALSE
"polars_namespace_series_list","all","expr_list_all","",FALSE
"polars_namespace_series_list","any","expr_list_any","",FALSE
"polars_namespace_series_list","set_union","expr_list_set_union","",FALSE
"polars_namespace_series_list","set_intersection","expr_list_set_intersection","",FALSE
"polars_namespace_series_list","set_difference","expr_list_set_difference","",FALSE
"polars_namespace_series_list","set_symmetric_difference","expr_list_set_symmetric_difference","",FALSE
"polars_namespace_series_list","explode","expr_list_explode","",FALSE
"polars_namespace_series_list","sample","expr_list_sample","",FALSE
"polars_namespace_series_list","std","expr_list_std","",FALSE
"polars_namespace_series_list","var","expr_list_var","",FALSE
"polars_namespace_series_list","median","expr_list_median","",FALSE
"polars_namespace_series_list","to_array","expr_list_to_array","",FALSE
"polars_namespace_series_list","drop_nulls","expr_list_drop_nulls","",FALSE
"polars_namespace_series_list","count_matches","expr_list_count_matches","",FALSE
"polars_namespace_series_list","agg","expr_list_agg","",FALSE
"polars_namespace_series_str","to_datetime","series_str_to_datetime","",FALSE
"polars_namespace_series_str","strptime","series_str_strptime","",FALSE
"polars_namespace_series_str","to_decimal","series_str_to_decimal","",FALSE
"polars_namespace_series_str","json_decode","series_str_json_decode","",FALSE
"polars_namespace_series_str","to_date","expr_str_to_date","",FALSE
"polars_namespace_series_str","to_time","expr_str_to_time","",FALSE
"polars_namespace_series_str","len_bytes","expr_str_len_bytes","",FALSE
"polars_namespace_series_str","len_chars","expr_str_len_chars","",FALSE
"polars_namespace_series_str","join","expr_str_join","",FALSE
"polars_namespace_series_str","to_uppercase","expr_str_to_uppercase","",FALSE
"polars_namespace_series_str","to_lowercase","expr_str_to_lowercase","",FALSE
"polars_namespace_series_str","to_titlecase","expr_str_to_titlecase","",FALSE
"polars_namespace_series_str","strip_chars","expr_str_strip_chars","",FALSE
"polars_namespace_series_str","strip_chars_start","expr_str_strip_chars_start","",FALSE
"polars_namespace_series_str","strip_chars_end","expr_str_strip_chars_end","",FALSE
"polars_namespace_series_str","strip_prefix","expr_str_strip_prefix","",FALSE
"polars_namespace_series_str","strip_suffix","expr_str_strip_suffix","",FALSE
"polars_namespace_series_str","zfill","expr_str_zfill","",FALSE
"polars_namespace_series_str","pad_end","expr_str_pad_end","",FALSE
"polars_namespace_series_str","pad_start","expr_str_pad_start","",FALSE
"polars_namespace_series_str","contains","expr_str_contains","",FALSE
"polars_namespace_series_str","ends_with","expr_str_ends_with","",FALSE
"polars_namespace_series_str","starts_with","expr_str_starts_with","",FALSE
"polars_namespace_series_str","json_path_match","expr_str_json_path_match","",FALSE
"polars_namespace_series_str","decode","expr_str_decode","",FALSE
"polars_namespace_series_str","encode","expr_str_encode","",FALSE
"polars_namespace_series_str","extract","expr_str_extract","",FALSE
"polars_namespace_series_str","extract_all","expr_str_extract_all","",FALSE
"polars_namespace_series_str","count_matches","expr_str_count_matches","",FALSE
"polars_namespace_series_str","split","expr_str_split","",FALSE
"polars_namespace_series_str","split_exact","expr_str_split_exact","",FALSE
"polars_namespace_series_str","splitn","expr_str_splitn","",FALSE
"polars_namespace_series_str","replace","expr_str_replace","",FALSE
"polars_namespace_series_str","replace_all","expr_str_replace_all","",FALSE
"polars_namespace_series_str","slice","expr_str_slice","",FALSE
"polars_namespace_series_str","to_integer","expr_str_to_integer","",FALSE
"polars_namespace_series_str","reverse","expr_str_reverse","",FALSE
"polars_namespace_series_str","contains_any","expr_str_contains_any","",FALSE
"polars_namespace_series_str","replace_many","expr_str_replace_many","",FALSE
"polars_namespace_series_str","extract_groups","expr_str_extract_groups","",FALSE
"polars_namespace_series_str","find","expr_str_find","",FALSE
"polars_namespace_series_str","find_many","expr_str_find_many","",FALSE
"polars_namespace_series_str","head","expr_str_head","",FALSE
"polars_namespace_series_str","tail","expr_str_tail","",FALSE
"polars_namespace_series_str","extract_many","expr_str_extract_many","",FALSE
"polars_namespace_series_str","normalize","expr_str_normalize","",FALSE
"polars_namespace_series_str","escape_regex","expr_str_escape_regex","",FALSE
"polars_namespace_series_struct","unnest","series_struct_unnest","",FALSE
"polars_namespace_series_struct","field_by_index","expr_struct_field_by_index","",FALSE
"polars_namespace_series_struct","field","expr_struct_field","",FALSE
"polars_namespace_series_struct","rename_fields","expr_struct_rename_fields","",FALSE
"polars_namespace_series_struct","drop","expr_struct_drop","",FALSE
"polars_namespace_series_struct","json_encode","expr_struct_json_encode","",FALSE
"polars_namespace_series_struct","with_fields","expr_struct_with_fields","",FALSE
"polars_series","eq","series__eq","",FALSE
"polars_series","eq_missing","series__eq_missing","",FALSE
"polars_series","neq","series__neq","",FALSE
"polars_series","neq_missing","series__neq_missing","",FALSE
"polars_series","gt","series__gt","",FALSE
"polars_series","gt_eq","series__gt_eq","",FALSE
"polars_series","lt","series__lt","",FALSE
"polars_series","lt_eq","series__lt_eq","",FALSE
"polars_series","add","series__add","polars_series",TRUE
"polars_series","sub","series__sub","polars_series",TRUE
"polars_series","true_div","series__true_div","polars_series",TRUE
"polars_series","mul","series__mul","polars_series",TRUE
"polars_series","mod","series__mod","polars_series",TRUE
"polars_series","serialize","series__serialize","",FALSE
"polars_series","clone","series__clone","polars_series",TRUE
"polars_series","alias","series__alias","polars_series",TRUE
"polars_series","rename","series__rename","polars_series",TRUE
"polars_series","slice","series__slice","polars_series",TRUE
"polars_series","equals","series__equals","",FALSE
"polars_series","cast","series__cast","polars_series",TRUE
"polars_series","reshape","series__reshape","polars_series",TRUE
"polars_series","to_frame","series__to_frame","polars_data_frame",TRUE
"polars_series","len","series__len","",FALSE
"polars_series","n_chunks","series__n_chunks","",FALSE
"polars_series","chunk_lengths","series__chunk_lengths","",FALSE
"polars_series","rechunk","series__rechunk","polars_series",TRUE
"polars_series","is_empty","series__is_empty","",FALSE
"polars_series","shrink_dtype","series__shrink_dtype","polars_series",TRUE
"polars_series","to_r_vector","series__to_r_vector","",FALSE
"pl","api","pl__api","",FALSE
"pl","DataFrame","pl__DataFrame","",FALSE
"pl","deserialize_df","pl__deserialize_df","polars_data_frame",TRUE
"pl","Decimal","pl__Decimal","",FALSE
"pl","Datetime","pl__Datetime","",FALSE
"pl","Duration","pl__Duration","",FALSE
"pl","Categorical","pl__Categorical","",FALSE
"pl","Enum","pl__Enum","",FALSE
"pl","Array","pl__Array","",FALSE
"pl","List","pl__List","",FALSE
"pl","Map","pl__Map","",FALSE
"pl","Struct","pl__Struct","",FALSE
"pl","deserialize_expr","pl__deserialize_expr","",FALSE
"pl","min_horizontal","pl__min_horizontal","polars_expr",TRUE
"pl","max_horizontal","pl__max_horizontal","polars_expr",TRUE
"pl","all_horizontal","pl__all_horizontal","polars_expr",TRUE
"pl","any_horizontal","pl__any_horizontal","polars_expr",TRUE
"pl","sum_horizontal","pl__sum_horizontal","polars_expr",TRUE
"pl","mean_horizontal","pl__mean_horizontal","polars_expr",TRUE
"pl","all","pl__all","polars_expr",TRUE
"pl","any","pl__any","polars_expr",TRUE
"pl","max","pl__max","polars_expr",TRUE
"pl","min","pl__min","polars_expr",TRUE
"pl","sum","pl__sum","polars_expr",TRUE
"pl","cum_sum","pl__cum_sum","polars_expr",TRUE
"pl","datetime","pl__datetime","polars_expr",TRUE
"pl","date","pl__date","polars_expr",TRUE
"pl","duration","pl__duration","polars_expr",TRUE
"pl","struct","pl__struct","",FALSE
"pl","concat_list","pl__concat_list","polars_expr",TRUE
"pl","list","pl__list","polars_expr",TRUE
"pl","concat_arr","pl__concat_arr","polars_expr",TRUE
"pl","concat_str","pl__concat_str","polars_expr",TRUE
"pl","col","pl__col","polars_expr",TRUE
"pl","nth","pl__nth","polars_expr",TRUE
"pl","first","pl__first","polars_expr",TRUE
"pl","last","pl__last","polars_expr",TRUE
"pl","dtype_of","pl__dtype_of","",FALSE
"pl","concat","pl__concat","",FALSE
"pl","field","pl__field","polars_expr",TRUE
"pl","select","pl__select","",FALSE
"pl","element","pl__element","polars_expr",TRUE
"pl","coalesce","pl__coalesce","polars_expr",TRUE
"pl","arg_where","pl__arg_where","polars_expr",TRUE
"pl","arg_sort_by","pl__arg_sort_by","polars_expr",TRUE
"pl","collect_all","pl__collect_all","",FALSE
"pl","explain_all","pl__explain_all","",FALSE
"pl","row_index","pl__row_index","polars_expr",TRUE
"pl","len","pl__len","polars_expr",TRUE
"pl","lit","pl__lit","",FALSE
"pl","date_range","pl__date_range","polars_expr",TRUE
"pl","date_ranges","pl__date_ranges","polars_expr",TRUE
"pl","datetime_range","pl__datetime_range","polars_expr",TRUE
"pl","datetime_ranges","pl__datetime_ranges","polars_expr",TRUE
"pl","int_range","pl__int_range","polars_expr",TRUE
"pl","int_ranges","pl__int_ranges","polars_expr",TRUE
"pl","linear_space","pl__linear_space","polars_expr",TRUE
"pl","linear_spaces","pl__linear_spaces","polars_expr",TRUE
"pl","time_range","pl__time_range","polars_expr",TRUE
"pl","time_ranges","pl__time_ranges","polars_expr",TRUE
"pl","repeat_","pl__repeat_","polars_expr",TRUE
"pl","when","pl__when","polars_when",TRUE
"pl","scan_csv","pl__scan_csv","polars_lazy_frame",TRUE
"pl","read_csv","pl__read_csv","",FALSE
"pl","scan_ipc","pl__scan_ipc","polars_lazy_frame",TRUE
"pl","read_ipc","pl__read_ipc","",FALSE
"pl","read_ipc_stream","pl__read_ipc_stream","polars_data_frame",TRUE
"pl","scan_ndjson","pl__scan_ndjson","polars_lazy_frame",TRUE
"pl","read_ndjson","pl__read_ndjson","",FALSE
"pl","scan_lines","pl__scan_lines","polars_lazy_frame",TRUE
"pl","read_lines","pl__read_lines","",FALSE
"pl","scan_parquet","pl__scan_parquet","polars_lazy_frame",TRUE
"pl","read_parquet","pl__read_parquet","",FALSE
"pl","CompatLevel","pl__CompatLevel","",FALSE
"pl","LazyFrame","pl__LazyFrame","",FALSE
"pl","deserialize_lf","pl__deserialize_lf","polars_lazy_frame",TRUE
"pl","QueryOptFlags","pl__QueryOptFlags","",FALSE
"pl","thread_pool_size","pl__thread_pool_size","",FALSE
"pl","show_versions","pl__show_versions","",FALSE
"pl","PartitionBy","pl__PartitionBy","",FALSE
"pl","Series","pl__Series","",FALSE
"pl","deserialize_series","pl__deserialize_series","polars_series",TRUE
"pl","SQLContext","pl__SQLContext","polars_sql_context",TRUE
