"path","top_level_definitions"
"000-utils-s7.R",5
"000-wrappers.R",727
"001-wrappers.R",3
"api.R",2
"as_polars_df.R",9
"as_polars_dtype_expr.R",6
"as_polars_expr.R",6
"as_polars_lf.R",4
"as_polars_selector.R",4
"as_polars_series.R",37
"autocompletion.R",10
"check_polars.R",21
"dataframe-frame.R",79
"dataframe-group_by_dynamic.R",4
"dataframe-group_by-general.R",14
"dataframe-group_by-rolling.R",4
"dataframe-html.R",7
"dataframe-s3-arrow.R",2
"dataframe-s3-base.R",12
"dataframe-s3-knitr.R",1
"dataframe-s3-nanoarrow.R",1
"dataframe-s3-reticulate.R",1
"dataframe-s3-tibble.R",1
"dataframe-s3-waldo.R",1
"datatype-expr-expr.R",9
"datatype-expr-s3-base.R",1
"datatypes-classes.R",24
"datatypes-s3-base.R",2
"datatypes-s3-waldo.R",1
"expr-array.R",29
"expr-binary.R",10
"expr-categorical.R",4
"expr-datetime.R",46
"expr-expr.R",208
"expr-list.R",43
"expr-meta.R",20
"expr-name.R",10
"expr-s3-base.R",2
"expr-s3-operators.R",16
"expr-s3-waldo.R",1
"expr-string.R",49
"expr-struct.R",9
"expr-whenthen.R",12
"functions-aggregation-horizontal.R",6
"functions-aggregation-vertical.R",6
"functions-as_datatype.R",8
"functions-col.R",4
"functions-datatype.R",1
"functions-eager.R",2
"functions-lazy.R",9
"functions-len.R",1
"functions-lit.R",1
"functions-range-date_range.R",2
"functions-range-datetime_range.R",2
"functions-range-int_range.R",2
"functions-range-linear_space.R",2
"functions-range-time_range.R",3
"functions-repeat.R",1
"functions-whenthen.R",1
"generated-polars-version.R",3
"generated-s3methods-dollar.R",38
"generated-s3methods-expr-subclass-dollar.R",6
"generated-s3methods-series-namespace-dollar.R",14
"import-standalone-cli.R",106
"import-standalone-lifecycle.R",12
"import-standalone-obj-type.R",6
"import-standalone-s3-register.R",2
"import-standalone-types-check.R",9
"infer_polars_dtype.R",20
"input-csv-functions.R",2
"input-ipc-functions.R",3
"input-json-functions.R",2
"input-lines-functions.R",2
"input-parquet-functions.R",2
"integration-mirai.R",1
"integration-reticulate.R",3
"interchange-protocol.R",1
"lazyframe-frame.R",63
"lazyframe-group_by.R",14
"lazyframe-opt_flags.R",6
"lazyframe-s3-base.R",9
"lazyframe-s3-nanoarrow.R",1
"lazyframe-s3-reticulate.R",1
"lazyframe-s3-tibble.R",1
"lazyframe-utils.R",2
"meta-thread_pool.R",1
"meta-versions.R",6
"object-s3-base.R",6
"output-batches.R",2
"output-csv.R",3
"output-ipc.R",4
"output-json.R",4
"output-parquet.R",3
"output-partition.R",2
"polars_envvars.R",2
"polars_info.R",2
"polars_options.R",4
"polars-package.R",0
"selectors.R",46
"series-array.R",2
"series-binary.R",2
"series-categorical.R",2
"series-datetime.R",2
"series-list.R",3
"series-s3-arrow.R",1
"series-s3-base.R",12
"series-s3-knitr.R",1
"series-s3-nanoarrow.R",1
"series-s3-operators.R",11
"series-s3-reticulate.R",1
"series-s3-waldo.R",1
"series-series.R",33
"series-string.R",6
"series-struct.R",3
"series-to_r_vector.R",8
"series-utils.R",1
"sql-context.R",8
"utils-check.R",8
"utils-convert.R",6
"utils-deprecation.R",2
"utils-getitem.R",1
"utils-parse-datatype.R",2
"utils-parse-expr.R",3
"utils-various.R",2
"utils-warn.R",1
"utils-wrap.R",2
"zzz.R",4
