"type","members","methods","inferred"
"polars_data_frame",88,81,57
"polars_group_by",12,12,1
"polars_group_by_dynamic",2,2,1
"polars_rolling_group_by",2,2,1
"polars_dtype",13,13,1
"polars_datatype_expr",6,6,6
"polars_expr",211,202,198
"polars_lazy_frame",71,69,54
"polars_lazy_group_by",13,12,12
"polars_sql_context",5,5,4
"polars_namespace_expr_arr",28,28,0
"polars_namespace_expr_bin",8,8,0
"polars_namespace_expr_cat",2,2,0
"polars_namespace_expr_dt",44,44,0
"polars_namespace_expr_list",41,41,1
"polars_namespace_expr_meta",14,14,0
"polars_namespace_expr_name",8,8,0
"polars_namespace_expr_str",47,47,0
"polars_namespace_expr_struct",7,7,0
"polars_selector",203,203,198
"polars_then",204,204,3
"polars_chained_then",204,204,3
"polars_namespace_series_arr",28,28,0
"polars_namespace_series_bin",8,8,0
"polars_namespace_series_cat",2,2,0
"polars_namespace_series_dt",44,44,0
"polars_namespace_series_list",41,41,1
"polars_namespace_series_str",47,47,0
"polars_namespace_series_struct",7,7,0
"polars_object",0,0,0
"polars_series",33,29,14
"pl",83,83,52
"polars_when",1,0,0
"polars_chained_when",1,0,0
